#
# There is insufficient memory for the Java Runtime Environment to continue.
# Native memory allocation (malloc) failed to allocate 1542896 bytes. Error detail: Chunk::new
# Possible reasons:
#   The system is out of physical RAM or swap space
#   This process is running with CompressedOops enabled, and the Java Heap may be blocking the growth of the native heap
# Possible solutions:
#   Reduce memory load on the system
#   Increase physical memory or swap space
#   Check if swap backing store is full
#   Decrease Java heap size (-Xmx/-Xms)
#   Decrease number of Java threads
#   Decrease Java thread stack sizes (-Xss)
#   Set larger code cache with -XX:ReservedCodeCacheSize=
#   JVM is running with Zero Based Compressed Oops mode in which the Java heap is
#     placed in the first 32GB address space. The Java Heap base address is the
#     maximum limit for the native heap growth. Please use -XX:HeapBaseMinAddress
#     to set the Java Heap base and to place the Java Heap above 32GB virtual address.
# This output file may be truncated or incomplete.
#
#  Out of Memory Error (arena.cpp:191), pid=8756, tid=26700
#
# JRE version: OpenJDK Runtime Environment Temurin-17.0.15+6 (17.0.15+6) (build 17.0.15+6)
# Java VM: OpenJDK 64-Bit Server VM Temurin-17.0.15+6 (17.0.15+6, mixed mode, sharing, tiered, compressed oops, compressed class ptrs, g1 gc, windows-amd64)
# No core dump will be written. Minidumps are not enabled by default on client versions of Windows
#

---------------  S U M M A R Y ------------

Command Line: --add-opens=java.base/java.lang=ALL-UNNAMED --add-opens=java.base/java.lang.invoke=ALL-UNNAMED --add-opens=java.base/java.util=ALL-UNNAMED --add-opens=java.prefs/java.util.prefs=ALL-UNNAMED --add-exports=jdk.compiler/com.sun.tools.javac.api=ALL-UNNAMED --add-exports=jdk.compiler/com.sun.tools.javac.util=ALL-UNNAMED --add-opens=java.base/java.util=ALL-UNNAMED --add-opens=java.prefs/java.util.prefs=ALL-UNNAMED --add-opens=java.base/java.nio.charset=ALL-UNNAMED --add-opens=java.base/java.net=ALL-UNNAMED --add-opens=java.base/java.util.concurrent.atomic=ALL-UNNAMED --add-opens=java.xml/javax.xml.namespace=ALL-UNNAMED -XX:MaxMetaspaceSize=1g -Xmx4g -Dfile.encoding=windows-1252 -Duser.country=US -Duser.language=en -Duser.variant -javaagent:C:\Users\paart\.gradle\wrapper\dists\gradle-8.13-bin\5xuhj0ry160q40clulazy9h7d\gradle-8.13\lib\agents\gradle-instrumentation-agent-8.13.jar org.gradle.launcher.daemon.bootstrap.GradleDaemon 8.13

Host: 12th Gen Intel(R) Core(TM) i7-12650H, 16 cores, 15G,  Windows 11 , 64 bit Build 26100 (10.0.26100.6725)
Time: Sat Oct 11 00:40:48 2025 India Standard Time elapsed time: 1894.855643 seconds (0d 0h 31m 34s)

---------------  T H R E A D  ---------------

Current thread (0x000001fbceb90be0):  JavaThread "C2 CompilerThread1" daemon [_thread_in_native, id=26700, stack(0x0000007aa7600000,0x0000007aa7700000)]


Current CompileTask:
C2:1894855 23734       4       org.gradle.api.internal.artifacts.ivyservice.ivyresolve.CachingModuleComponentRepository$LocateInCacheRepositoryAccess::resolveComponentMetaDataFromCache (415 bytes)

Stack: [0x0000007aa7600000,0x0000007aa7700000]
Native frames: (J=compiled Java code, j=interpreted, Vv=VM code, C=native code)
V  [jvm.dll+0x682fc9]
V  [jvm.dll+0x839878]
V  [jvm.dll+0x83b323]
V  [jvm.dll+0x83b993]
V  [jvm.dll+0x24725f]
V  [jvm.dll+0xacea4]
V  [jvm.dll+0xad53c]
V  [jvm.dll+0x365c1f]
V  [jvm.dll+0x1ba8d3]
V  [jvm.dll+0x2183a7]
V  [jvm.dll+0x21768f]
V  [jvm.dll+0x1a31b0]
V  [jvm.dll+0x227a9c]
V  [jvm.dll+0x225bfb]
V  [jvm.dll+0x7ef018]
V  [jvm.dll+0x7e94dc]
V  [jvm.dll+0x681ea7]
C  [ucrtbase.dll+0x37b0]
C  [KERNEL32.DLL+0x2e8d7]
C  [ntdll.dll+0x8c53c]


---------------  P R O C E S S  ---------------

Threads class SMR info:
_java_thread_list=0x000001fbcf437e20, length=249, elements={
0x000001fbdfdd0cd0, 0x000001fbfee37cc0, 0x000001fbfee38790, 0x000001fbfee4e6b0,
0x000001fbfee50f90, 0x000001fbfee51860, 0x000001fbfee52130, 0x000001fbfee52d30,
0x000001fbfee54320, 0x000001fbfee5a170, 0x000001fbfee22430, 0x000001fbffd86b20,
0x000001fbbd7a2180, 0x000001fbbe90bc00, 0x000001fbbe2ea9a0, 0x000001fbbe5641a0,
0x000001fbbe563270, 0x000001fbbe562d60, 0x000001fbbe561e30, 0x000001fbc056f2a0,
0x000001fbc056e880, 0x000001fbc056baf0, 0x000001fbbed922a0, 0x000001fbbee3c3d0,
0x000001fbbee3d300, 0x000001fbc3791f30, 0x000001fbc378fbc0, 0x000001fbc378ec90,
0x000001fbc3793d90, 0x000001fbc37947b0, 0x000001fbc3796610, 0x000001fbc3795bf0,
0x000001fbc37956e0, 0x000001fbc3793880, 0x000001fbc3794cc0, 0x000001fbc3797f60,
0x000001fbc3798980, 0x000001fbc37951d0, 0x000001fbbee2ea20, 0x000001fbbee312a0,
0x000001fbbee30880, 0x000001fbbee30d90, 0x000001fbbee317b0, 0x000001fbbee2f950,
0x000001fbbee31cc0, 0x000001fbbee2e510, 0x000001fbbee321d0, 0x000001fbbee326e0,
0x000001fbbee2ef30, 0x000001fbbee32bf0, 0x000001fbbee2f440, 0x000001fbbee35e90,
0x000001fbbee35980, 0x000001fbbee35470, 0x000001fbbee363a0, 0x000001fbbee368b0,
0x000001fbbee33100, 0x000001fbbee36dc0, 0x000001fbbee372d0, 0x000001fbbee33b20,
0x000001fbbee377e0, 0x000001fbbee37cf0, 0x000001fbbee34540, 0x000001fbbee38200,
0x000001fbbee34f60, 0x000001fbbee3c8e0, 0x000001fbbee39b50, 0x000001fbbee3cdf0,
0x000001fbbee3b9b0, 0x000001fbbee3a060, 0x000001fbbee3dd20, 0x000001fbbee3b4a0,
0x000001fbbee3a570, 0x000001fbbee3aa80, 0x000001fbbee3af90, 0x000001fbbee3bec0,
0x000001fbc0bf9da0, 0x000001fbc0bf8960, 0x000001fbc0bfb6f0, 0x000001fbc0bfa7c0,
0x000001fbc0bfacd0, 0x000001fbc0bf8e70, 0x000001fbc0bf9380, 0x000001fbc0bf8450,
0x000001fbc0bf7f40, 0x000001fbc0bf9890, 0x000001fbc0bfcb30, 0x000001fbc0bfbc00,
0x000001fbc0bfa2b0, 0x000001fbc0bfd550, 0x000001fbc0bfd040, 0x000001fbc0bfda60,
0x000001fbc0bfe480, 0x000001fbc0bfb1e0, 0x000001fbc0bfeea0, 0x000001fbc0bfc110,
0x000001fbc0bfc620, 0x000001fbc22e0900, 0x000001fbc22dfee0, 0x000001fbc22de080,
0x000001fbc22de590, 0x000001fbc22e03f0, 0x000001fbc22e1320, 0x000001fbc22deaa0,
0x000001fbc22e1830, 0x000001fbc22defb0, 0x000001fbc22df4c0, 0x000001fbc22df9d0,
0x000001fbc22e45c0, 0x000001fbc22e2c70, 0x000001fbc22e0e10, 0x000001fbc22e3ba0,
0x000001fbc22e4ad0, 0x000001fbc22e3180, 0x000001fbc22e4fe0, 0x000001fbc22e3690,
0x000001fbc22e40b0, 0x000001fbc22e54f0, 0x000001fbc22e5a00, 0x000001fbbed8cc90,
0x000001fbbed8dbc0, 0x000001fbbed8eaf0, 0x000001fbbed8fa20, 0x000001fbbed8d6b0,
0x000001fbbed8f000, 0x000001fbbed8c780, 0x000001fbbed8e5e0, 0x000001fbbed8f510,
0x000001fbbed8e0d0, 0x000001fbbed8c270, 0x000001fbbed8ff30, 0x000001fbbed90440,
0x000001fbbed90950, 0x000001fbbed90e60, 0x000001fbbed91880, 0x000001fbbed91370,
0x000001fbbed91d90, 0x000001fbc056e370, 0x000001fbc056ca20, 0x000001fbc05706e0,
0x000001fbc056cf30, 0x000001fbc056de60, 0x000001fbc056d950, 0x000001fbc0572030,
0x000001fbc0571610, 0x000001fbc056ed90, 0x000001fbc0570bf0, 0x000001fbc0572a50,
0x000001fbc0571100, 0x000001fbbf51add0, 0x000001fbbf519480, 0x000001fbbf51b2e0,
0x000001fbbf518a60, 0x000001fbbf51a3b0, 0x000001fbbf519ea0, 0x000001fbbf518f70,
0x000001fbbf51b7f0, 0x000001fbbf519990, 0x000001fbc3791000, 0x000001fbc3792440,
0x000001fbc3796100, 0x000001fbc379cb50, 0x000001fbc379e4a0, 0x000001fbc379da80,
0x000001fbc379df90, 0x000001fbc379e9b0, 0x000001fbbe563780, 0x000001fbbe563c90,
0x000001fbbe5646b0, 0x000001fbbe564bc0, 0x000001fbbe561920, 0x000001fbbe5650d0,
0x000001fbbe562850, 0x000001fbbf51a8c0, 0x000001fbbf518550, 0x000001fbc379d060,
0x000001fbc37998b0, 0x000001fbc22e2250, 0x000001fbcefa95a0, 0x000001fbcefa7740,
0x000001fbcefa6d20, 0x000001fbcefa9ab0, 0x000001fbcefa7230, 0x000001fbcefa7c50,
0x000001fbcefa8160, 0x000001fbcefa8670, 0x000001fbcefa8b80, 0x000001fbcefa9090,
0x000001fbcefa9fc0, 0x000001fbcefa6810, 0x000001fbcefab400, 0x000001fbcefac330,
0x000001fbcefaa9e0, 0x000001fbcefacd50, 0x000001fbcefad770, 0x000001fbcefadc80,
0x000001fbcefac840, 0x000001fbcefabe20, 0x000001fbcefab910, 0x000001fbcefad260,
0x000001fbcefaaef0, 0x000001fbcefaa4d0, 0x000001fbcefaebb0, 0x000001fbcefb0500,
0x000001fbcefafff0, 0x000001fbcefae6a0, 0x000001fbcefafae0, 0x000001fbcefb1940,
0x000001fbcefb0a10, 0x000001fbcefaf0c0, 0x000001fbcefb0f20, 0x000001fbcefb1430,
0x000001fbcefae190, 0x000001fbcefb2870, 0x000001fbcefb1e50, 0x000001fbcefb2360,
0x000001fbcefb2d80, 0x000001fbcefaf5d0, 0x000001fbcefb37a0, 0x000001fbcefb5600,
0x000001fbcefb3cb0, 0x000001fbcefb46d0, 0x000001fbcefb6530, 0x000001fbcefb4be0,
0x000001fbcefb50f0, 0x000001fbcefb6a40, 0x000001fbcefb5b10, 0x000001fbcefb6020,
0x000001fbcefb3290, 0x000001fbcc45aa30, 0x000001fbcc45a520, 0x000001fbcc45af40,
0x000001fbcc45b450, 0x000001fbcc45a010, 0x000001fbcc4595f0, 0x000001fbcc45b960,
0x000001fbcc45be70, 0x000001fbcc459b00, 0x000001fbcc45dcd0, 0x000001fbcc45ec00,
0x000001fbcc45d7c0, 0x000001fbcc45c890, 0x000001fbcc45e1e0, 0x000001fbcc45f110,
0x000001fbcc45fb30, 0x000001fbceb90be0, 0x000001fbceb92bc0, 0x000001fbcc45e6f0,
0x000001fbcc45cda0
}

Java Threads: ( => current thread )
  0x000001fbdfdd0cd0 JavaThread "main" [_thread_blocked, id=12484, stack(0x0000007a9cf00000,0x0000007a9d000000)]
  0x000001fbfee37cc0 JavaThread "Reference Handler" daemon [_thread_blocked, id=12212, stack(0x0000007a9d600000,0x0000007a9d700000)]
  0x000001fbfee38790 JavaThread "Finalizer" daemon [_thread_blocked, id=25092, stack(0x0000007a9d700000,0x0000007a9d800000)]
  0x000001fbfee4e6b0 JavaThread "Signal Dispatcher" daemon [_thread_blocked, id=18264, stack(0x0000007a9d800000,0x0000007a9d900000)]
  0x000001fbfee50f90 JavaThread "Attach Listener" daemon [_thread_blocked, id=32824, stack(0x0000007a9d900000,0x0000007a9da00000)]
  0x000001fbfee51860 JavaThread "Service Thread" daemon [_thread_blocked, id=28744, stack(0x0000007a9da00000,0x0000007a9db00000)]
  0x000001fbfee52130 JavaThread "Monitor Deflation Thread" daemon [_thread_blocked, id=18236, stack(0x0000007a9db00000,0x0000007a9dc00000)]
  0x000001fbfee52d30 JavaThread "C2 CompilerThread0" daemon [_thread_in_native, id=25676, stack(0x0000007a9dc00000,0x0000007a9dd00000)]
  0x000001fbfee54320 JavaThread "C1 CompilerThread0" daemon [_thread_blocked, id=16388, stack(0x0000007a9dd00000,0x0000007a9de00000)]
  0x000001fbfee5a170 JavaThread "Sweeper thread" daemon [_thread_blocked, id=3968, stack(0x0000007a9de00000,0x0000007a9df00000)]
  0x000001fbfee22430 JavaThread "Common-Cleaner" daemon [_thread_blocked, id=26384, stack(0x0000007a9e000000,0x0000007a9e100000)]
  0x000001fbffd86b20 JavaThread "Notification Thread" daemon [_thread_blocked, id=24876, stack(0x0000007a9e500000,0x0000007a9e600000)]
  0x000001fbbd7a2180 JavaThread "Daemon health stats" [_thread_blocked, id=10352, stack(0x0000007a9e300000,0x0000007a9e400000)]
  0x000001fbbe90bc00 JavaThread "Incoming local TCP Connector on port 58622" [_thread_in_native, id=18592, stack(0x0000007a9e400000,0x0000007a9e500000)]
  0x000001fbbe2ea9a0 JavaThread "Daemon periodic checks" [_thread_blocked, id=3248, stack(0x0000007a9f000000,0x0000007a9f100000)]
  0x000001fbbe5641a0 JavaThread "Cache worker for journal cache (C:\Users\paart\.gradle\caches\journal-1)" [_thread_blocked, id=21356, stack(0x0000007a9f800000,0x0000007a9f900000)]
  0x000001fbbe563270 JavaThread "File lock request listener" [_thread_in_native, id=30128, stack(0x0000007a9f900000,0x0000007a9fa00000)]
  0x000001fbbe562d60 JavaThread "Cache worker for file hash cache (C:\Users\paart\.gradle\caches\8.13\fileHashes)" [_thread_blocked, id=14832, stack(0x0000007a9fa00000,0x0000007a9fb00000)]
  0x000001fbbe561e30 JavaThread "File watcher server" daemon [_thread_in_native, id=16900, stack(0x0000007a9df00000,0x0000007a9e000000)]
  0x000001fbc056f2a0 JavaThread "File watcher consumer" daemon [_thread_blocked, id=1900, stack(0x0000007a9e100000,0x0000007a9e200000)]
  0x000001fbc056e880 JavaThread "jar transforms" [_thread_blocked, id=10304, stack(0x0000007aa0700000,0x0000007aa0800000)]
  0x000001fbc056baf0 JavaThread "Cache worker for file content cache (C:\Users\paart\.gradle\caches\8.13\fileContent)" [_thread_blocked, id=25932, stack(0x0000007aa0900000,0x0000007aa0a00000)]
  0x000001fbbed922a0 JavaThread "Memory manager" [_thread_blocked, id=29628, stack(0x0000007aa4400000,0x0000007aa4500000)]
  0x000001fbbee3c3d0 JavaThread "jar transforms Thread 2" [_thread_blocked, id=21816, stack(0x0000007a9e200000,0x0000007a9e300000)]
  0x000001fbbee3d300 JavaThread "jar transforms Thread 3" [_thread_blocked, id=28424, stack(0x0000007aad800000,0x0000007aad900000)]
  0x000001fbc3791f30 JavaThread "jar transforms Thread 4" [_thread_blocked, id=5504, stack(0x0000007aa4200000,0x0000007aa4300000)]
  0x000001fbc378fbc0 JavaThread "jar transforms Thread 5" [_thread_blocked, id=33312, stack(0x0000007aadb00000,0x0000007aadc00000)]
  0x000001fbc378ec90 JavaThread "jar transforms Thread 6" [_thread_blocked, id=17572, stack(0x0000007aade00000,0x0000007aadf00000)]
  0x000001fbc3793d90 JavaThread "jar transforms Thread 7" [_thread_blocked, id=23676, stack(0x0000007aae200000,0x0000007aae300000)]
  0x000001fbc37947b0 JavaThread "jar transforms Thread 8" [_thread_blocked, id=18752, stack(0x0000007aae100000,0x0000007aae200000)]
  0x000001fbc3796610 JavaThread "jar transforms Thread 9" [_thread_blocked, id=23836, stack(0x0000007aae300000,0x0000007aae400000)]
  0x000001fbc3795bf0 JavaThread "jar transforms Thread 10" [_thread_blocked, id=32496, stack(0x0000007aae400000,0x0000007aae500000)]
  0x000001fbc37956e0 JavaThread "jar transforms Thread 11" [_thread_blocked, id=29872, stack(0x0000007aae500000,0x0000007aae600000)]
  0x000001fbc3793880 JavaThread "jar transforms Thread 12" [_thread_blocked, id=19672, stack(0x0000007aae600000,0x0000007aae700000)]
  0x000001fbc3794cc0 JavaThread "jar transforms Thread 13" [_thread_blocked, id=33160, stack(0x0000007aae700000,0x0000007aae800000)]
  0x000001fbc3797f60 JavaThread "jar transforms Thread 14" [_thread_blocked, id=27304, stack(0x0000007aae800000,0x0000007aae900000)]
  0x000001fbc3798980 JavaThread "jar transforms Thread 15" [_thread_blocked, id=2788, stack(0x0000007aae900000,0x0000007aaea00000)]
  0x000001fbc37951d0 JavaThread "jar transforms Thread 16" [_thread_blocked, id=31732, stack(0x0000007aaeb00000,0x0000007aaec00000)]
  0x000001fbbee2ea20 JavaThread "Daemon Thread 2" [_thread_blocked, id=18860, stack(0x0000007a9cd00000,0x0000007a9ce00000)]
  0x000001fbbee312a0 JavaThread "Handler for socket connection from /127.0.0.1:58622 to /127.0.0.1:58143" [_thread_in_native, id=25652, stack(0x0000007a9ef00000,0x0000007a9f000000)]
  0x000001fbbee30880 JavaThread "Cancel handler" [_thread_blocked, id=31996, stack(0x0000007a9f100000,0x0000007a9f200000)]
  0x000001fbbee30d90 JavaThread "Daemon worker Thread 2" [_thread_in_Java, id=22544, stack(0x0000007a9f200000,0x0000007a9f300000)]
  0x000001fbbee317b0 JavaThread "Asynchronous log dispatcher for DefaultDaemonConnection: socket connection from /127.0.0.1:58622 to /127.0.0.1:58143" [_thread_blocked, id=26696, stack(0x0000007a9f300000,0x0000007a9f400000)]
  0x000001fbbee2f950 JavaThread "Stdin handler" [_thread_blocked, id=22232, stack(0x0000007a9f400000,0x0000007a9f500000)]
  0x000001fbbee31cc0 JavaThread "Daemon client event forwarder" [_thread_blocked, id=2072, stack(0x0000007a9f500000,0x0000007a9f600000)]
  0x000001fbbee2e510 JavaThread "Cache worker for file hash cache (D:\LeadFlow_MobileApp\android\.gradle\8.13\fileHashes)" [_thread_blocked, id=8028, stack(0x0000007a9f600000,0x0000007a9f700000)]
  0x000001fbbee321d0 JavaThread "Cache worker for Build Output Cleanup Cache (D:\LeadFlow_MobileApp\android\.gradle\buildOutputCleanup)" [_thread_blocked, id=30796, stack(0x0000007a9f700000,0x0000007a9f800000)]
  0x000001fbbee326e0 JavaThread "Cache worker for checksums cache (D:\LeadFlow_MobileApp\android\.gradle\8.13\checksums)" [_thread_blocked, id=24220, stack(0x0000007a9fb00000,0x0000007a9fc00000)]
  0x000001fbbee2ef30 JavaThread "Exec process Thread 13" [_thread_blocked, id=18372, stack(0x0000007a9fc00000,0x0000007a9fd00000)]
  0x000001fbbee32bf0 JavaThread "Exec process Thread 14" [_thread_blocked, id=23304, stack(0x0000007a9fd00000,0x0000007a9fe00000)]
  0x000001fbbee2f440 JavaThread "Exec process Thread 15" [_thread_blocked, id=25768, stack(0x0000007aa0400000,0x0000007aa0500000)]
  0x000001fbbee35e90 JavaThread "Cache worker for cache directory md-supplier (C:\Users\paart\.gradle\caches\8.13\md-supplier)" [_thread_blocked, id=3740, stack(0x0000007aa0500000,0x0000007aa0600000)]
  0x000001fbbee35980 JavaThread "Cache worker for cache directory md-rule (C:\Users\paart\.gradle\caches\8.13\md-rule)" [_thread_blocked, id=22416, stack(0x0000007aa0600000,0x0000007aa0700000)]
  0x000001fbbee35470 JavaThread "Cache worker for Build Output Cleanup Cache (D:\LeadFlow_MobileApp\node_modules\.pnpm\@react-native+gradle-plugin@0.79.5\node_modules\@react-native\gradle-plugin\.gradle\buildOutputCleanup)" [_thread_blocked, id=24248, stack(0x0000007aa0800000,0x0000007aa0900000)]
  0x000001fbbee363a0 JavaThread "Unconstrained build operations" [_thread_blocked, id=18448, stack(0x0000007aa0a00000,0x0000007aa0b00000)]
  0x000001fbbee368b0 JavaThread "Unconstrained build operations Thread 2" [_thread_blocked, id=7676, stack(0x0000007aa0b00000,0x0000007aa0c00000)]
  0x000001fbbee33100 JavaThread "Unconstrained build operations Thread 3" [_thread_blocked, id=22288, stack(0x0000007aa0c00000,0x0000007aa0d00000)]
  0x000001fbbee36dc0 JavaThread "Unconstrained build operations Thread 4" [_thread_blocked, id=31600, stack(0x0000007aa0d00000,0x0000007aa0e00000)]
  0x000001fbbee372d0 JavaThread "Cache worker for Build Output Cleanup Cache (D:\LeadFlow_MobileApp\node_modules\.pnpm\expo-modules-autolinking@2.1.14\node_modules\expo-modules-autolinking\android\expo-gradle-plugin\.gradle\buildOutputCleanup)" [_thread_blocked, id=13048, stack(0x0000007aa0e00000,0x0000007aa0f00000)]
  0x000001fbbee33b20 JavaThread "Unconstrained build operations Thread 5" [_thread_blocked, id=33516, stack(0x0000007aa1100000,0x0000007aa1200000)]
  0x000001fbbee377e0 JavaThread "Unconstrained build operations Thread 6" [_thread_blocked, id=32968, stack(0x0000007aa1200000,0x0000007aa1300000)]
  0x000001fbbee37cf0 JavaThread "Unconstrained build operations Thread 7" [_thread_blocked, id=29304, stack(0x0000007aa1300000,0x0000007aa1400000)]
  0x000001fbbee34540 JavaThread "Unconstrained build operations Thread 8" [_thread_blocked, id=23752, stack(0x0000007aa1400000,0x0000007aa1500000)]
  0x000001fbbee38200 JavaThread "Unconstrained build operations Thread 9" [_thread_blocked, id=8552, stack(0x0000007aa1500000,0x0000007aa1600000)]
  0x000001fbbee34f60 JavaThread "Unconstrained build operations Thread 10" [_thread_blocked, id=20344, stack(0x0000007aa1600000,0x0000007aa1700000)]
  0x000001fbbee3c8e0 JavaThread "Unconstrained build operations Thread 11" [_thread_blocked, id=4060, stack(0x0000007aa1700000,0x0000007aa1800000)]
  0x000001fbbee39b50 JavaThread "Unconstrained build operations Thread 12" [_thread_blocked, id=15524, stack(0x0000007aa1800000,0x0000007aa1900000)]
  0x000001fbbee3cdf0 JavaThread "Unconstrained build operations Thread 13" [_thread_blocked, id=23320, stack(0x0000007aa1900000,0x0000007aa1a00000)]
  0x000001fbbee3b9b0 JavaThread "Unconstrained build operations Thread 14" [_thread_blocked, id=12764, stack(0x0000007aa1a00000,0x0000007aa1b00000)]
  0x000001fbbee3a060 JavaThread "Unconstrained build operations Thread 15" [_thread_blocked, id=17824, stack(0x0000007aa1b00000,0x0000007aa1c00000)]
  0x000001fbbee3dd20 JavaThread "Unconstrained build operations Thread 16" [_thread_blocked, id=9356, stack(0x0000007aa1c00000,0x0000007aa1d00000)]
  0x000001fbbee3b4a0 JavaThread "Unconstrained build operations Thread 17" [_thread_blocked, id=23892, stack(0x0000007aa1d00000,0x0000007aa1e00000)]
  0x000001fbbee3a570 JavaThread "Unconstrained build operations Thread 18" [_thread_blocked, id=15640, stack(0x0000007aa1e00000,0x0000007aa1f00000)]
  0x000001fbbee3aa80 JavaThread "Unconstrained build operations Thread 19" [_thread_blocked, id=20884, stack(0x0000007aa1f00000,0x0000007aa2000000)]
  0x000001fbbee3af90 JavaThread "Unconstrained build operations Thread 20" [_thread_blocked, id=25900, stack(0x0000007aa2000000,0x0000007aa2100000)]
  0x000001fbbee3bec0 JavaThread "Unconstrained build operations Thread 21" [_thread_blocked, id=18016, stack(0x0000007aa2100000,0x0000007aa2200000)]
  0x000001fbc0bf9da0 JavaThread "Unconstrained build operations Thread 22" [_thread_blocked, id=12548, stack(0x0000007aa2200000,0x0000007aa2300000)]
  0x000001fbc0bf8960 JavaThread "Unconstrained build operations Thread 23" [_thread_blocked, id=32720, stack(0x0000007aa2300000,0x0000007aa2400000)]
  0x000001fbc0bfb6f0 JavaThread "Unconstrained build operations Thread 24" [_thread_blocked, id=17760, stack(0x0000007aa2400000,0x0000007aa2500000)]
  0x000001fbc0bfa7c0 JavaThread "Unconstrained build operations Thread 25" [_thread_blocked, id=8660, stack(0x0000007aa2500000,0x0000007aa2600000)]
  0x000001fbc0bfacd0 JavaThread "Unconstrained build operations Thread 26" [_thread_blocked, id=27768, stack(0x0000007aa2600000,0x0000007aa2700000)]
  0x000001fbc0bf8e70 JavaThread "Unconstrained build operations Thread 27" [_thread_blocked, id=28804, stack(0x0000007aa2700000,0x0000007aa2800000)]
  0x000001fbc0bf9380 JavaThread "Unconstrained build operations Thread 28" [_thread_blocked, id=31856, stack(0x0000007aa2800000,0x0000007aa2900000)]
  0x000001fbc0bf8450 JavaThread "Unconstrained build operations Thread 29" [_thread_blocked, id=488, stack(0x0000007aa2900000,0x0000007aa2a00000)]
  0x000001fbc0bf7f40 JavaThread "Unconstrained build operations Thread 30" [_thread_blocked, id=20608, stack(0x0000007aa2a00000,0x0000007aa2b00000)]
  0x000001fbc0bf9890 JavaThread "Unconstrained build operations Thread 31" [_thread_blocked, id=9700, stack(0x0000007aa2b00000,0x0000007aa2c00000)]
  0x000001fbc0bfcb30 JavaThread "Unconstrained build operations Thread 32" [_thread_blocked, id=12788, stack(0x0000007aa2c00000,0x0000007aa2d00000)]
  0x000001fbc0bfbc00 JavaThread "Unconstrained build operations Thread 33" [_thread_blocked, id=6116, stack(0x0000007aa2d00000,0x0000007aa2e00000)]
  0x000001fbc0bfa2b0 JavaThread "Unconstrained build operations Thread 34" [_thread_blocked, id=22532, stack(0x0000007aa2e00000,0x0000007aa2f00000)]
  0x000001fbc0bfd550 JavaThread "build event listener" [_thread_blocked, id=25496, stack(0x0000007aa2f00000,0x0000007aa3000000)]
  0x000001fbc0bfd040 JavaThread "Unconstrained build operations Thread 35" [_thread_blocked, id=22604, stack(0x0000007aa0f00000,0x0000007aa1000000)]
  0x000001fbc0bfda60 JavaThread "Unconstrained build operations Thread 36" [_thread_blocked, id=12536, stack(0x0000007aa1000000,0x0000007aa1100000)]
  0x000001fbc0bfe480 JavaThread "Unconstrained build operations Thread 37" [_thread_blocked, id=29152, stack(0x0000007aa3000000,0x0000007aa3100000)]
  0x000001fbc0bfb1e0 JavaThread "Unconstrained build operations Thread 38" [_thread_blocked, id=16076, stack(0x0000007aa3100000,0x0000007aa3200000)]
  0x000001fbc0bfeea0 JavaThread "Unconstrained build operations Thread 39" [_thread_blocked, id=1252, stack(0x0000007aa3200000,0x0000007aa3300000)]
  0x000001fbc0bfc110 JavaThread "Unconstrained build operations Thread 40" [_thread_blocked, id=5512, stack(0x0000007aa3300000,0x0000007aa3400000)]
  0x000001fbc0bfc620 JavaThread "Unconstrained build operations Thread 41" [_thread_blocked, id=24372, stack(0x0000007aa3400000,0x0000007aa3500000)]
  0x000001fbc22e0900 JavaThread "Unconstrained build operations Thread 42" [_thread_blocked, id=28640, stack(0x0000007aa3500000,0x0000007aa3600000)]
  0x000001fbc22dfee0 JavaThread "Unconstrained build operations Thread 43" [_thread_blocked, id=29212, stack(0x0000007aa3600000,0x0000007aa3700000)]
  0x000001fbc22de080 JavaThread "Unconstrained build operations Thread 44" [_thread_blocked, id=28356, stack(0x0000007aa3700000,0x0000007aa3800000)]
  0x000001fbc22de590 JavaThread "Unconstrained build operations Thread 45" [_thread_blocked, id=31784, stack(0x0000007aa3800000,0x0000007aa3900000)]
  0x000001fbc22e03f0 JavaThread "Unconstrained build operations Thread 46" [_thread_blocked, id=6692, stack(0x0000007aa3900000,0x0000007aa3a00000)]
  0x000001fbc22e1320 JavaThread "Unconstrained build operations Thread 47" [_thread_blocked, id=30336, stack(0x0000007aa3a00000,0x0000007aa3b00000)]
  0x000001fbc22deaa0 JavaThread "Unconstrained build operations Thread 48" [_thread_blocked, id=24904, stack(0x0000007aa3b00000,0x0000007aa3c00000)]
  0x000001fbc22e1830 JavaThread "Unconstrained build operations Thread 49" [_thread_blocked, id=7956, stack(0x0000007aa3c00000,0x0000007aa3d00000)]
  0x000001fbc22defb0 JavaThread "Unconstrained build operations Thread 50" [_thread_blocked, id=12140, stack(0x0000007aa3d00000,0x0000007aa3e00000)]
  0x000001fbc22df4c0 JavaThread "Unconstrained build operations Thread 51" [_thread_blocked, id=25824, stack(0x0000007aa3e00000,0x0000007aa3f00000)]
  0x000001fbc22df9d0 JavaThread "Unconstrained build operations Thread 52" [_thread_blocked, id=31328, stack(0x0000007aa3f00000,0x0000007aa4000000)]
  0x000001fbc22e45c0 JavaThread "Unconstrained build operations Thread 53" [_thread_blocked, id=19784, stack(0x0000007aa4000000,0x0000007aa4100000)]
  0x000001fbc22e2c70 JavaThread "Unconstrained build operations Thread 54" [_thread_blocked, id=31736, stack(0x0000007aa4100000,0x0000007aa4200000)]
  0x000001fbc22e0e10 JavaThread "Unconstrained build operations Thread 55" [_thread_blocked, id=12576, stack(0x0000007aa4300000,0x0000007aa4400000)]
  0x000001fbc22e3ba0 JavaThread "Unconstrained build operations Thread 56" [_thread_blocked, id=32416, stack(0x0000007aa4500000,0x0000007aa4600000)]
  0x000001fbc22e4ad0 JavaThread "Unconstrained build operations Thread 57" [_thread_blocked, id=23548, stack(0x0000007aa4600000,0x0000007aa4700000)]
  0x000001fbc22e3180 JavaThread "Unconstrained build operations Thread 58" [_thread_blocked, id=21448, stack(0x0000007aa4700000,0x0000007aa4800000)]
  0x000001fbc22e4fe0 JavaThread "Unconstrained build operations Thread 59" [_thread_blocked, id=15192, stack(0x0000007aa4800000,0x0000007aa4900000)]
  0x000001fbc22e3690 JavaThread "Unconstrained build operations Thread 60" [_thread_blocked, id=33776, stack(0x0000007aa4900000,0x0000007aa4a00000)]
  0x000001fbc22e40b0 JavaThread "Unconstrained build operations Thread 61" [_thread_blocked, id=28820, stack(0x0000007aa4a00000,0x0000007aa4b00000)]
  0x000001fbc22e54f0 JavaThread "Unconstrained build operations Thread 62" [_thread_blocked, id=14688, stack(0x0000007aa4b00000,0x0000007aa4c00000)]
  0x000001fbc22e5a00 JavaThread "Unconstrained build operations Thread 63" [_thread_blocked, id=11632, stack(0x0000007aa4c00000,0x0000007aa4d00000)]
  0x000001fbbed8cc90 JavaThread "Unconstrained build operations Thread 64" [_thread_blocked, id=18696, stack(0x0000007aa4d00000,0x0000007aa4e00000)]
  0x000001fbbed8dbc0 JavaThread "build event listener" [_thread_blocked, id=28068, stack(0x0000007aa4f00000,0x0000007aa5000000)]
  0x000001fbbed8eaf0 JavaThread "Unconstrained build operations Thread 65" [_thread_blocked, id=5548, stack(0x0000007aa5000000,0x0000007aa5100000)]
  0x000001fbbed8fa20 JavaThread "Unconstrained build operations Thread 66" [_thread_blocked, id=27160, stack(0x0000007aa5100000,0x0000007aa5200000)]
  0x000001fbbed8d6b0 JavaThread "Unconstrained build operations Thread 67" [_thread_blocked, id=15704, stack(0x0000007aa5200000,0x0000007aa5300000)]
  0x000001fbbed8f000 JavaThread "Unconstrained build operations Thread 68" [_thread_blocked, id=13664, stack(0x0000007aa5300000,0x0000007aa5400000)]
  0x000001fbbed8c780 JavaThread "Unconstrained build operations Thread 69" [_thread_blocked, id=12568, stack(0x0000007aa5400000,0x0000007aa5500000)]
  0x000001fbbed8e5e0 JavaThread "Unconstrained build operations Thread 70" [_thread_blocked, id=26180, stack(0x0000007aa5500000,0x0000007aa5600000)]
  0x000001fbbed8f510 JavaThread "Unconstrained build operations Thread 71" [_thread_blocked, id=5668, stack(0x0000007aa5600000,0x0000007aa5700000)]
  0x000001fbbed8e0d0 JavaThread "Unconstrained build operations Thread 72" [_thread_blocked, id=25776, stack(0x0000007aa5700000,0x0000007aa5800000)]
  0x000001fbbed8c270 JavaThread "Unconstrained build operations Thread 73" [_thread_blocked, id=16504, stack(0x0000007aa5800000,0x0000007aa5900000)]
  0x000001fbbed8ff30 JavaThread "Unconstrained build operations Thread 74" [_thread_blocked, id=24164, stack(0x0000007aa5900000,0x0000007aa5a00000)]
  0x000001fbbed90440 JavaThread "ForkJoinPool.commonPool-worker-13" daemon [_thread_blocked, id=13284, stack(0x0000007aa5a00000,0x0000007aa5b00000)]
  0x000001fbbed90950 JavaThread "ForkJoinPool.commonPool-worker-14" daemon [_thread_blocked, id=29168, stack(0x0000007aa5b00000,0x0000007aa5c00000)]
  0x000001fbbed90e60 JavaThread "ForkJoinPool.commonPool-worker-15" daemon [_thread_blocked, id=21456, stack(0x0000007aa5c00000,0x0000007aa5d00000)]
  0x000001fbbed91880 JavaThread "ForkJoinPool.commonPool-worker-16" daemon [_thread_blocked, id=24144, stack(0x0000007aa5d00000,0x0000007aa5e00000)]
  0x000001fbbed91370 JavaThread "ForkJoinPool.commonPool-worker-17" daemon [_thread_blocked, id=12912, stack(0x0000007aa5e00000,0x0000007aa5f00000)]
  0x000001fbbed91d90 JavaThread "ForkJoinPool.commonPool-worker-18" daemon [_thread_blocked, id=23356, stack(0x0000007aa5f00000,0x0000007aa6000000)]
  0x000001fbc056e370 JavaThread "ForkJoinPool.commonPool-worker-19" daemon [_thread_blocked, id=27632, stack(0x0000007aa6000000,0x0000007aa6100000)]
  0x000001fbc056ca20 JavaThread "ForkJoinPool.commonPool-worker-20" daemon [_thread_blocked, id=2696, stack(0x0000007aa6100000,0x0000007aa6200000)]
  0x000001fbc05706e0 JavaThread "included builds" [_thread_blocked, id=14056, stack(0x0000007aa6200000,0x0000007aa6300000)]
  0x000001fbc056cf30 JavaThread "included builds Thread 2" [_thread_blocked, id=6220, stack(0x0000007aa6300000,0x0000007aa6400000)]
  0x000001fbc056de60 JavaThread "Execution worker" [_thread_blocked, id=10720, stack(0x0000007aa6400000,0x0000007aa6500000)]
  0x000001fbc056d950 JavaThread "Execution worker Thread 2" [_thread_blocked, id=23984, stack(0x0000007aa6500000,0x0000007aa6600000)]
  0x000001fbc0572030 JavaThread "Execution worker Thread 3" [_thread_blocked, id=18908, stack(0x0000007aa6600000,0x0000007aa6700000)]
  0x000001fbc0571610 JavaThread "Execution worker Thread 4" [_thread_blocked, id=14704, stack(0x0000007aa6700000,0x0000007aa6800000)]
  0x000001fbc056ed90 JavaThread "Execution worker Thread 5" [_thread_blocked, id=16760, stack(0x0000007aa6800000,0x0000007aa6900000)]
  0x000001fbc0570bf0 JavaThread "Execution worker Thread 6" [_thread_blocked, id=27412, stack(0x0000007aa6900000,0x0000007aa6a00000)]
  0x000001fbc0572a50 JavaThread "Execution worker Thread 7" [_thread_blocked, id=1992, stack(0x0000007aa6a00000,0x0000007aa6b00000)]
  0x000001fbc0571100 JavaThread "Execution worker Thread 8" [_thread_blocked, id=27024, stack(0x0000007aa6b00000,0x0000007aa6c00000)]
  0x000001fbbf51add0 JavaThread "Execution worker Thread 9" [_thread_blocked, id=16668, stack(0x0000007aa6c00000,0x0000007aa6d00000)]
  0x000001fbbf519480 JavaThread "Execution worker Thread 10" [_thread_blocked, id=32284, stack(0x0000007aa6d00000,0x0000007aa6e00000)]
  0x000001fbbf51b2e0 JavaThread "Execution worker Thread 11" [_thread_blocked, id=14776, stack(0x0000007aa6e00000,0x0000007aa6f00000)]
  0x000001fbbf518a60 JavaThread "Execution worker Thread 12" [_thread_blocked, id=17308, stack(0x0000007aa6f00000,0x0000007aa7000000)]
  0x000001fbbf51a3b0 JavaThread "Execution worker Thread 13" [_thread_blocked, id=32440, stack(0x0000007aa7000000,0x0000007aa7100000)]
  0x000001fbbf519ea0 JavaThread "Cache worker for execution history cache (D:\LeadFlow_MobileApp\node_modules\.pnpm\expo-modules-autolinking@2.1.14\node_modules\expo-modules-autolinking\android\expo-gradle-plugin\.gradle\8.13\executionHistory)" [_thread_blocked, id=20336, stack(0x0000007aa7100000,0x0000007aa7200000)]
  0x000001fbbf518f70 JavaThread "Execution worker Thread 14" [_thread_blocked, id=25420, stack(0x0000007aa7300000,0x0000007aa7400000)]
  0x000001fbbf51b7f0 JavaThread "Execution worker Thread 15" [_thread_blocked, id=15888, stack(0x0000007aa7400000,0x0000007aa7500000)]
  0x000001fbbf519990 JavaThread "Cache worker for execution history cache (D:\LeadFlow_MobileApp\node_modules\.pnpm\@react-native+gradle-plugin@0.79.5\node_modules\@react-native\gradle-plugin\.gradle\8.13\executionHistory)" [_thread_blocked, id=29100, stack(0x0000007aa7500000,0x0000007aa7600000)]
  0x000001fbc3791000 JavaThread "Unconstrained build operations Thread 75" [_thread_blocked, id=13256, stack(0x0000007aa4e00000,0x0000007aa4f00000)]
  0x000001fbc3792440 JavaThread "Unconstrained build operations Thread 76" [_thread_blocked, id=31028, stack(0x0000007aa7700000,0x0000007aa7800000)]
  0x000001fbc3796100 JavaThread "Unconstrained build operations Thread 77" [_thread_blocked, id=22864, stack(0x0000007aa7800000,0x0000007aa7900000)]
  0x000001fbc379cb50 JavaThread "Unconstrained build operations Thread 78" [_thread_blocked, id=4560, stack(0x0000007aa7900000,0x0000007aa7a00000)]
  0x000001fbc379e4a0 JavaThread "Unconstrained build operations Thread 79" [_thread_blocked, id=31220, stack(0x0000007aa7a00000,0x0000007aa7b00000)]
  0x000001fbc379da80 JavaThread "Unconstrained build operations Thread 80" [_thread_blocked, id=1684, stack(0x0000007aa7b00000,0x0000007aa7c00000)]
  0x000001fbc379df90 JavaThread "Unconstrained build operations Thread 81" [_thread_blocked, id=1696, stack(0x0000007aa7c00000,0x0000007aa7d00000)]
  0x000001fbc379e9b0 JavaThread "Unconstrained build operations Thread 82" [_thread_blocked, id=23952, stack(0x0000007aa7d00000,0x0000007aa7e00000)]
  0x000001fbbe563780 JavaThread "Unconstrained build operations Thread 83" [_thread_blocked, id=22124, stack(0x0000007aa7e00000,0x0000007aa7f00000)]
  0x000001fbbe563c90 JavaThread "Unconstrained build operations Thread 84" [_thread_blocked, id=32904, stack(0x0000007aa7f00000,0x0000007aa8000000)]
  0x000001fbbe5646b0 JavaThread "Unconstrained build operations Thread 85" [_thread_blocked, id=19288, stack(0x0000007aa8000000,0x0000007aa8100000)]
  0x000001fbbe564bc0 JavaThread "Unconstrained build operations Thread 86" [_thread_blocked, id=9048, stack(0x0000007aa8100000,0x0000007aa8200000)]
  0x000001fbbe561920 JavaThread "Unconstrained build operations Thread 87" [_thread_blocked, id=14300, stack(0x0000007aa8200000,0x0000007aa8300000)]
  0x000001fbbe5650d0 JavaThread "Unconstrained build operations Thread 88" [_thread_blocked, id=11448, stack(0x0000007aa8300000,0x0000007aa8400000)]
  0x000001fbbe562850 JavaThread "Unconstrained build operations Thread 89" [_thread_blocked, id=5224, stack(0x0000007aa8400000,0x0000007aa8500000)]
  0x000001fbbf51a8c0 JavaThread "Unconstrained build operations Thread 90" [_thread_blocked, id=7316, stack(0x0000007aa8500000,0x0000007aa8600000)]
  0x000001fbbf518550 JavaThread "Unconstrained build operations Thread 91" [_thread_blocked, id=26348, stack(0x0000007aa8600000,0x0000007aa8700000)]
  0x000001fbc379d060 JavaThread "Unconstrained build operations Thread 92" [_thread_blocked, id=26536, stack(0x0000007aa8700000,0x0000007aa8800000)]
  0x000001fbc37998b0 JavaThread "Unconstrained build operations Thread 93" [_thread_blocked, id=30460, stack(0x0000007aa8800000,0x0000007aa8900000)]
  0x000001fbc22e2250 JavaThread "Unconstrained build operations Thread 94" [_thread_blocked, id=17036, stack(0x0000007aa8900000,0x0000007aa8a00000)]
  0x000001fbcefa95a0 JavaThread "Unconstrained build operations Thread 95" [_thread_blocked, id=20308, stack(0x0000007aa8a00000,0x0000007aa8b00000)]
  0x000001fbcefa7740 JavaThread "Unconstrained build operations Thread 96" [_thread_blocked, id=11232, stack(0x0000007aa8b00000,0x0000007aa8c00000)]
  0x000001fbcefa6d20 JavaThread "Unconstrained build operations Thread 97" [_thread_blocked, id=32772, stack(0x0000007aa8d00000,0x0000007aa8e00000)]
  0x000001fbcefa9ab0 JavaThread "Unconstrained build operations Thread 98" [_thread_blocked, id=14752, stack(0x0000007aa8e00000,0x0000007aa8f00000)]
  0x000001fbcefa7230 JavaThread "Unconstrained build operations Thread 99" [_thread_blocked, id=27772, stack(0x0000007aa8f00000,0x0000007aa9000000)]
  0x000001fbcefa7c50 JavaThread "Unconstrained build operations Thread 100" [_thread_blocked, id=26900, stack(0x0000007aa9000000,0x0000007aa9100000)]
  0x000001fbcefa8160 JavaThread "Unconstrained build operations Thread 101" [_thread_blocked, id=31320, stack(0x0000007aa9100000,0x0000007aa9200000)]
  0x000001fbcefa8670 JavaThread "Unconstrained build operations Thread 102" [_thread_blocked, id=14628, stack(0x0000007aa9200000,0x0000007aa9300000)]
  0x000001fbcefa8b80 JavaThread "Unconstrained build operations Thread 103" [_thread_blocked, id=20600, stack(0x0000007aa9300000,0x0000007aa9400000)]
  0x000001fbcefa9090 JavaThread "Unconstrained build operations Thread 104" [_thread_blocked, id=1536, stack(0x0000007aa9400000,0x0000007aa9500000)]
  0x000001fbcefa9fc0 JavaThread "Unconstrained build operations Thread 105" [_thread_blocked, id=17844, stack(0x0000007aa9500000,0x0000007aa9600000)]
  0x000001fbcefa6810 JavaThread "Unconstrained build operations Thread 106" [_thread_blocked, id=14468, stack(0x0000007aa9600000,0x0000007aa9700000)]
  0x000001fbcefab400 JavaThread "Unconstrained build operations Thread 107" [_thread_blocked, id=10596, stack(0x0000007aa9700000,0x0000007aa9800000)]
  0x000001fbcefac330 JavaThread "Unconstrained build operations Thread 108" [_thread_blocked, id=26052, stack(0x0000007aa9800000,0x0000007aa9900000)]
  0x000001fbcefaa9e0 JavaThread "Unconstrained build operations Thread 109" [_thread_blocked, id=29840, stack(0x0000007aa9900000,0x0000007aa9a00000)]
  0x000001fbcefacd50 JavaThread "Unconstrained build operations Thread 110" [_thread_blocked, id=17352, stack(0x0000007aa9a00000,0x0000007aa9b00000)]
  0x000001fbcefad770 JavaThread "Unconstrained build operations Thread 111" [_thread_blocked, id=18684, stack(0x0000007aa9b00000,0x0000007aa9c00000)]
  0x000001fbcefadc80 JavaThread "Unconstrained build operations Thread 112" [_thread_blocked, id=19384, stack(0x0000007aa9c00000,0x0000007aa9d00000)]
  0x000001fbcefac840 JavaThread "Unconstrained build operations Thread 113" [_thread_blocked, id=23328, stack(0x0000007aa9d00000,0x0000007aa9e00000)]
  0x000001fbcefabe20 JavaThread "Unconstrained build operations Thread 114" [_thread_blocked, id=9360, stack(0x0000007aa9e00000,0x0000007aa9f00000)]
  0x000001fbcefab910 JavaThread "Unconstrained build operations Thread 115" [_thread_blocked, id=33304, stack(0x0000007aa9f00000,0x0000007aaa000000)]
  0x000001fbcefad260 JavaThread "Unconstrained build operations Thread 116" [_thread_blocked, id=25864, stack(0x0000007aaa000000,0x0000007aaa100000)]
  0x000001fbcefaaef0 JavaThread "Unconstrained build operations Thread 117" [_thread_blocked, id=3992, stack(0x0000007aaa100000,0x0000007aaa200000)]
  0x000001fbcefaa4d0 JavaThread "Unconstrained build operations Thread 118" [_thread_blocked, id=24716, stack(0x0000007aaa200000,0x0000007aaa300000)]
  0x000001fbcefaebb0 JavaThread "Unconstrained build operations Thread 119" [_thread_blocked, id=9512, stack(0x0000007aaa300000,0x0000007aaa400000)]
  0x000001fbcefb0500 JavaThread "Unconstrained build operations Thread 120" [_thread_blocked, id=31316, stack(0x0000007aaa400000,0x0000007aaa500000)]
  0x000001fbcefafff0 JavaThread "Unconstrained build operations Thread 121" [_thread_blocked, id=23672, stack(0x0000007aaa500000,0x0000007aaa600000)]
  0x000001fbcefae6a0 JavaThread "Unconstrained build operations Thread 122" [_thread_blocked, id=28600, stack(0x0000007aaa600000,0x0000007aaa700000)]
  0x000001fbcefafae0 JavaThread "Unconstrained build operations Thread 123" [_thread_blocked, id=18508, stack(0x0000007aaa700000,0x0000007aaa800000)]
  0x000001fbcefb1940 JavaThread "Unconstrained build operations Thread 124" [_thread_blocked, id=4984, stack(0x0000007aaa800000,0x0000007aaa900000)]
  0x000001fbcefb0a10 JavaThread "Unconstrained build operations Thread 125" [_thread_blocked, id=23588, stack(0x0000007aaa900000,0x0000007aaaa00000)]
  0x000001fbcefaf0c0 JavaThread "Unconstrained build operations Thread 126" [_thread_blocked, id=15844, stack(0x0000007aaaa00000,0x0000007aaab00000)]
  0x000001fbcefb0f20 JavaThread "Unconstrained build operations Thread 127" [_thread_blocked, id=26416, stack(0x0000007aaab00000,0x0000007aaac00000)]
  0x000001fbcefb1430 JavaThread "Unconstrained build operations Thread 128" [_thread_blocked, id=26580, stack(0x0000007aaac00000,0x0000007aaad00000)]
  0x000001fbcefae190 JavaThread "Unconstrained build operations Thread 129" [_thread_blocked, id=6536, stack(0x0000007aaad00000,0x0000007aaae00000)]
  0x000001fbcefb2870 JavaThread "Unconstrained build operations Thread 130" [_thread_blocked, id=14260, stack(0x0000007aaae00000,0x0000007aaaf00000)]
  0x000001fbcefb1e50 JavaThread "Unconstrained build operations Thread 131" [_thread_blocked, id=19700, stack(0x0000007aaaf00000,0x0000007aab000000)]
  0x000001fbcefb2360 JavaThread "Unconstrained build operations Thread 132" [_thread_blocked, id=19220, stack(0x0000007aab000000,0x0000007aab100000)]
  0x000001fbcefb2d80 JavaThread "Unconstrained build operations Thread 133" [_thread_blocked, id=7164, stack(0x0000007aab100000,0x0000007aab200000)]
  0x000001fbcefaf5d0 JavaThread "Cache worker for Build Output Cleanup Cache (D:\LeadFlow_MobileApp\node_modules\.pnpm\expo-modules-core@2.5.0\node_modules\expo-modules-core\expo-module-gradle-plugin\.gradle\buildOutputCleanup)" [_thread_blocked, id=9724, stack(0x0000007aa8c00000,0x0000007aa8d00000)]
  0x000001fbcefb37a0 JavaThread "Unconstrained build operations Thread 134" [_thread_blocked, id=25288, stack(0x0000007aab400000,0x0000007aab500000)]
  0x000001fbcefb5600 JavaThread "Unconstrained build operations Thread 135" [_thread_blocked, id=18316, stack(0x0000007aab500000,0x0000007aab600000)]
  0x000001fbcefb3cb0 JavaThread "Unconstrained build operations Thread 136" [_thread_blocked, id=2408, stack(0x0000007aab600000,0x0000007aab700000)]
  0x000001fbcefb46d0 JavaThread "Unconstrained build operations Thread 137" [_thread_blocked, id=15492, stack(0x0000007aab700000,0x0000007aab800000)]
  0x000001fbcefb6530 JavaThread "Unconstrained build operations Thread 138" [_thread_blocked, id=21152, stack(0x0000007aab800000,0x0000007aab900000)]
  0x000001fbcefb4be0 JavaThread "Unconstrained build operations Thread 139" [_thread_blocked, id=14388, stack(0x0000007aab900000,0x0000007aaba00000)]
  0x000001fbcefb50f0 JavaThread "Unconstrained build operations Thread 140" [_thread_blocked, id=21676, stack(0x0000007aaba00000,0x0000007aabb00000)]
  0x000001fbcefb6a40 JavaThread "Unconstrained build operations Thread 141" [_thread_blocked, id=15440, stack(0x0000007aabb00000,0x0000007aabc00000)]
  0x000001fbcefb5b10 JavaThread "Unconstrained build operations Thread 142" [_thread_blocked, id=18108, stack(0x0000007aabc00000,0x0000007aabd00000)]
  0x000001fbcefb6020 JavaThread "Unconstrained build operations Thread 143" [_thread_blocked, id=25404, stack(0x0000007aabd00000,0x0000007aabe00000)]
  0x000001fbcefb3290 JavaThread "Unconstrained build operations Thread 144" [_thread_blocked, id=24316, stack(0x0000007aabe00000,0x0000007aabf00000)]
  0x000001fbcc45aa30 JavaThread "Unconstrained build operations Thread 145" [_thread_blocked, id=19556, stack(0x0000007aabf00000,0x0000007aac000000)]
  0x000001fbcc45a520 JavaThread "Unconstrained build operations Thread 146" [_thread_blocked, id=22600, stack(0x0000007aac000000,0x0000007aac100000)]
  0x000001fbcc45af40 JavaThread "Unconstrained build operations Thread 147" [_thread_blocked, id=25144, stack(0x0000007aac100000,0x0000007aac200000)]
  0x000001fbcc45b450 JavaThread "Unconstrained build operations Thread 148" [_thread_blocked, id=33760, stack(0x0000007aac200000,0x0000007aac300000)]
  0x000001fbcc45a010 JavaThread "Unconstrained build operations Thread 149" [_thread_blocked, id=16960, stack(0x0000007aac300000,0x0000007aac400000)]
  0x000001fbcc4595f0 JavaThread "Unconstrained build operations Thread 150" [_thread_blocked, id=30420, stack(0x0000007aac400000,0x0000007aac500000)]
  0x000001fbcc45b960 JavaThread "Unconstrained build operations Thread 151" [_thread_blocked, id=33300, stack(0x0000007aac500000,0x0000007aac600000)]
  0x000001fbcc45be70 JavaThread "Unconstrained build operations Thread 152" [_thread_blocked, id=13632, stack(0x0000007aac600000,0x0000007aac700000)]
  0x000001fbcc459b00 JavaThread "Unconstrained build operations Thread 153" [_thread_blocked, id=18804, stack(0x0000007aac700000,0x0000007aac800000)]
  0x000001fbcc45dcd0 JavaThread "Unconstrained build operations Thread 154" [_thread_blocked, id=24028, stack(0x0000007aac800000,0x0000007aac900000)]
  0x000001fbcc45ec00 JavaThread "Unconstrained build operations Thread 155" [_thread_blocked, id=25832, stack(0x0000007aac900000,0x0000007aaca00000)]
  0x000001fbcc45d7c0 JavaThread "Unconstrained build operations Thread 156" [_thread_blocked, id=19636, stack(0x0000007aaca00000,0x0000007aacb00000)]
  0x000001fbcc45c890 JavaThread "Unconstrained build operations Thread 157" [_thread_blocked, id=9560, stack(0x0000007aacb00000,0x0000007aacc00000)]
  0x000001fbcc45e1e0 JavaThread "Unconstrained build operations Thread 158" [_thread_blocked, id=8084, stack(0x0000007aace00000,0x0000007aacf00000)]
  0x000001fbcc45f110 JavaThread "Unconstrained build operations Thread 159" [_thread_blocked, id=29856, stack(0x0000007aacf00000,0x0000007aad000000)]
  0x000001fbcc45fb30 JavaThread "Unconstrained build operations Thread 160" [_thread_blocked, id=7184, stack(0x0000007aad000000,0x0000007aad100000)]
=>0x000001fbceb90be0 JavaThread "C2 CompilerThread1" daemon [_thread_in_native, id=26700, stack(0x0000007aa7600000,0x0000007aa7700000)]
  0x000001fbceb92bc0 JavaThread "C2 CompilerThread2" daemon [_thread_in_native, id=15196, stack(0x0000007aab200000,0x0000007aab300000)]
  0x000001fbcc45e6f0 JavaThread "Cache worker for execution history cache (D:\LeadFlow_MobileApp\node_modules\.pnpm\expo-modules-core@2.5.0\node_modules\expo-modules-core\expo-module-gradle-plugin\.gradle\8.13\executionHistory)" [_thread_blocked, id=20652, stack(0x0000007aab300000,0x0000007aab400000)]
  0x000001fbcc45cda0 JavaThread "included builds Thread 3" [_thread_blocked, id=13612, stack(0x0000007aad100000,0x0000007aad200000)]

Other Threads:
  0x000001fbfee2f8c0 VMThread "VM Thread" [stack: 0x0000007a9d500000,0x0000007a9d600000] [id=28312]
  0x000001fbffd87000 WatcherThread [stack: 0x0000007a9e600000,0x0000007a9e700000] [id=12844]
  0x000001fbddccd8d0 GCTaskThread "GC Thread#0" [stack: 0x0000007a9d000000,0x0000007a9d100000] [id=2456]
  0x000001fbbd535540 GCTaskThread "GC Thread#1" [stack: 0x0000007a9e900000,0x0000007a9ea00000] [id=6596]
  0x000001fbbd0eaea0 GCTaskThread "GC Thread#2" [stack: 0x0000007a9ea00000,0x0000007a9eb00000] [id=25304]
  0x000001fbbd7c9cd0 GCTaskThread "GC Thread#3" [stack: 0x0000007a9eb00000,0x0000007a9ec00000] [id=15604]
  0x000001fbbd397470 GCTaskThread "GC Thread#4" [stack: 0x0000007a9ec00000,0x0000007a9ed00000] [id=31828]
  0x000001fbbd4a2220 GCTaskThread "GC Thread#5" [stack: 0x0000007a9ed00000,0x0000007a9ee00000] [id=32036]
  0x000001fbbd4a27a0 GCTaskThread "GC Thread#6" [stack: 0x0000007a9e700000,0x0000007a9e800000] [id=32104]
  0x000001fbbd4a2d20 GCTaskThread "GC Thread#7" [stack: 0x0000007a9e800000,0x0000007a9e900000] [id=21788]
  0x000001fbbd4a2a60 GCTaskThread "GC Thread#8" [stack: 0x0000007a9ee00000,0x0000007a9ef00000] [id=29700]
  0x000001fbbd4a1f60 GCTaskThread "GC Thread#9" [stack: 0x0000007a9fe00000,0x0000007a9ff00000] [id=29244]
  0x000001fbbd4a32a0 GCTaskThread "GC Thread#10" [stack: 0x0000007a9ff00000,0x0000007aa0000000] [id=27120]
  0x000001fbc1948000 GCTaskThread "GC Thread#11" [stack: 0x0000007aa0000000,0x0000007aa0100000] [id=28792]
  0x000001fbc1947500 GCTaskThread "GC Thread#12" [stack: 0x0000007aa0100000,0x0000007aa0200000] [id=26176]
  0x000001fbddcce860 ConcurrentGCThread "G1 Main Marker" [stack: 0x0000007a9d100000,0x0000007a9d200000] [id=13020]
  0x000001fbdfe4e430 ConcurrentGCThread "G1 Conc#0" [stack: 0x0000007a9d200000,0x0000007a9d300000] [id=14280]
  0x000001fbc19482c0 ConcurrentGCThread "G1 Conc#1" [stack: 0x0000007aa0200000,0x0000007aa0300000] [id=28348]
  0x000001fbc19477c0 ConcurrentGCThread "G1 Conc#2" [stack: 0x0000007aa0300000,0x0000007aa0400000] [id=7212]
  0x000001fbdfe7db30 ConcurrentGCThread "G1 Refine#0" [stack: 0x0000007a9d300000,0x0000007a9d400000] [id=9660]
  0x000001fbc3ebc870 ConcurrentGCThread "G1 Refine#1" [stack: 0x0000007a9cc00000,0x0000007a9cd00000] [id=3684]
  0x000001fbc3ebab10 ConcurrentGCThread "G1 Refine#2" [stack: 0x0000007a9ce00000,0x0000007a9cf00000] [id=16840]
  0x000001fbc3ebcb60 ConcurrentGCThread "G1 Refine#3" [stack: 0x0000007aa7200000,0x0000007aa7300000] [id=27084]
  0x000001fbc3eb9f50 ConcurrentGCThread "G1 Refine#4" [stack: 0x0000007aad700000,0x0000007aad800000] [id=21896]
  0x000001fbc3ebce50 ConcurrentGCThread "G1 Refine#5" [stack: 0x0000007aadf00000,0x0000007aae000000] [id=15048]
  0x000001fbc3eba530 ConcurrentGCThread "G1 Refine#6" [stack: 0x0000007aaea00000,0x0000007aaeb00000] [id=18540]
  0x000001fbdfe7e310 ConcurrentGCThread "G1 Service" [stack: 0x0000007a9d400000,0x0000007a9d500000] [id=18676]

Threads with active compile tasks:
C2 CompilerThread0  1894933 23820  s    4       org.gradle.internal.event.ListenerBroadcast::getSource (35 bytes)
C2 CompilerThread1  1894933 23734       4       org.gradle.api.internal.artifacts.ivyservice.ivyresolve.CachingModuleComponentRepository$LocateInCacheRepositoryAccess::resolveComponentMetaDataFromCache (415 bytes)
C2 CompilerThread2  1894933 23810       4       org.gradle.internal.snapshot.MerkleDirectorySnapshotBuilder$Directory::fold (145 bytes)

VM state: not at safepoint (normal execution)

VM Mutex/Monitor currently owned by a thread: None

Heap address: 0x0000000700000000, size: 4096 MB, Compressed Oops mode: Zero based, Oop shift amount: 3

CDS archive(s) mapped at: [0x000001fb84000000-0x000001fb84bb0000-0x000001fb84bb0000), size 12255232, SharedBaseAddress: 0x000001fb84000000, ArchiveRelocationMode: 1.
Compressed class space mapped at: 0x000001fb85000000-0x000001fbb9000000, reserved size: 872415232
Narrow klass base: 0x000001fb84000000, Narrow klass shift: 0, Narrow klass range: 0x100000000

GC Precious Log:
 CPUs: 16 total, 16 available
 Memory: 16050M
 Large Page Support: Disabled
 NUMA Support: Disabled
 Compressed Oops: Enabled (Zero based)
 Heap Region Size: 2M
 Heap Min Capacity: 8M
 Heap Initial Capacity: 252M
 Heap Max Capacity: 4G
 Pre-touch: Disabled
 Parallel Workers: 13
 Concurrent Workers: 3
 Concurrent Refinement Workers: 13
 Periodic GC: Disabled

Heap:
 garbage-first heap   total 526336K, used 336663K [0x0000000700000000, 0x0000000800000000)
  region size 2048K, 27 young (55296K), 8 survivors (16384K)
 Metaspace       used 137543K, committed 139648K, reserved 983040K
  class space    used 18929K, committed 19904K, reserved 851968K

Heap Regions: E=young(eden), S=young(survivor), O=old, HS=humongous(starts), HC=humongous(continues), CS=collection set, F=free, OA=open archive, CA=closed archive, TAMS=top-at-mark-start (previous, next)
|   0|0x0000000700000000, 0x0000000700200000, 0x0000000700200000|100%|HS|  |TAMS 0x0000000700200000, 0x0000000700000000| Complete 
|   1|0x0000000700200000, 0x0000000700400000, 0x0000000700400000|100%|HC|  |TAMS 0x0000000700400000, 0x0000000700200000| Complete 
|   2|0x0000000700400000, 0x0000000700600000, 0x0000000700600000|100%| O|  |TAMS 0x0000000700600000, 0x0000000700400000| Untracked 
|   3|0x0000000700600000, 0x0000000700800000, 0x0000000700800000|100%| O|  |TAMS 0x0000000700800000, 0x0000000700600000| Untracked 
|   4|0x0000000700800000, 0x0000000700a00000, 0x0000000700a00000|100%| O|  |TAMS 0x0000000700a00000, 0x0000000700800000| Untracked 
|   5|0x0000000700a00000, 0x0000000700c00000, 0x0000000700c00000|100%| O|  |TAMS 0x0000000700c00000, 0x0000000700a00000| Untracked 
|   6|0x0000000700c00000, 0x0000000700e00000, 0x0000000700e00000|100%| O|  |TAMS 0x0000000700e00000, 0x0000000700c00000| Untracked 
|   7|0x0000000700e00000, 0x0000000701000000, 0x0000000701000000|100%| O|  |TAMS 0x0000000701000000, 0x0000000700e00000| Untracked 
|   8|0x0000000701000000, 0x0000000701200000, 0x0000000701200000|100%| O|  |TAMS 0x0000000701200000, 0x0000000701000000| Untracked 
|   9|0x0000000701200000, 0x0000000701400000, 0x0000000701400000|100%| O|  |TAMS 0x0000000701400000, 0x0000000701200000| Untracked 
|  10|0x0000000701400000, 0x0000000701600000, 0x0000000701600000|100%| O|  |TAMS 0x0000000701600000, 0x0000000701400000| Untracked 
|  11|0x0000000701600000, 0x0000000701800000, 0x0000000701800000|100%| O|  |TAMS 0x0000000701800000, 0x0000000701600000| Untracked 
|  12|0x0000000701800000, 0x0000000701a00000, 0x0000000701a00000|100%| O|  |TAMS 0x0000000701a00000, 0x0000000701800000| Untracked 
|  13|0x0000000701a00000, 0x0000000701c00000, 0x0000000701c00000|100%| O|  |TAMS 0x0000000701c00000, 0x0000000701a00000| Untracked 
|  14|0x0000000701c00000, 0x0000000701e00000, 0x0000000701e00000|100%| O|  |TAMS 0x0000000701e00000, 0x0000000701c00000| Untracked 
|  15|0x0000000701e00000, 0x0000000702000000, 0x0000000702000000|100%| O|  |TAMS 0x0000000702000000, 0x0000000701e00000| Untracked 
|  16|0x0000000702000000, 0x0000000702200000, 0x0000000702200000|100%| O|  |TAMS 0x0000000702200000, 0x0000000702000000| Untracked 
|  17|0x0000000702200000, 0x0000000702400000, 0x0000000702400000|100%| O|  |TAMS 0x0000000702400000, 0x0000000702200000| Untracked 
|  18|0x0000000702400000, 0x0000000702600000, 0x0000000702600000|100%| O|  |TAMS 0x0000000702600000, 0x0000000702400000| Untracked 
|  19|0x0000000702600000, 0x0000000702800000, 0x0000000702800000|100%| O|  |TAMS 0x0000000702800000, 0x0000000702600000| Untracked 
|  20|0x0000000702800000, 0x0000000702a00000, 0x0000000702a00000|100%| O|  |TAMS 0x0000000702a00000, 0x0000000702800000| Untracked 
|  21|0x0000000702a00000, 0x0000000702c00000, 0x0000000702c00000|100%|HS|  |TAMS 0x0000000702c00000, 0x0000000702a00000| Complete 
|  22|0x0000000702c00000, 0x0000000702e00000, 0x0000000702e00000|100%|HS|  |TAMS 0x0000000702e00000, 0x0000000702c00000| Complete 
|  23|0x0000000702e00000, 0x0000000703000000, 0x0000000703000000|100%|HC|  |TAMS 0x0000000703000000, 0x0000000702e00000| Complete 
|  24|0x0000000703000000, 0x0000000703200000, 0x0000000703200000|100%|HS|  |TAMS 0x0000000703200000, 0x0000000703000000| Complete 
|  25|0x0000000703200000, 0x0000000703400000, 0x0000000703400000|100%| O|  |TAMS 0x0000000703400000, 0x0000000703200000| Untracked 
|  26|0x0000000703400000, 0x0000000703600000, 0x0000000703600000|100%|HS|  |TAMS 0x0000000703600000, 0x0000000703400000| Complete 
|  27|0x0000000703600000, 0x0000000703800000, 0x0000000703800000|100%|HS|  |TAMS 0x0000000703800000, 0x0000000703600000| Complete 
|  28|0x0000000703800000, 0x0000000703a00000, 0x0000000703a00000|100%| O|  |TAMS 0x0000000703a00000, 0x0000000703800000| Untracked 
|  29|0x0000000703a00000, 0x0000000703c00000, 0x0000000703c00000|100%|HS|  |TAMS 0x0000000703c00000, 0x0000000703a00000| Complete 
|  30|0x0000000703c00000, 0x0000000703e00000, 0x0000000703e00000|100%|HC|  |TAMS 0x0000000703e00000, 0x0000000703c00000| Complete 
|  31|0x0000000703e00000, 0x0000000704000000, 0x0000000704000000|100%| O|  |TAMS 0x0000000704000000, 0x0000000703e00000| Untracked 
|  32|0x0000000704000000, 0x0000000704200000, 0x0000000704200000|100%|HS|  |TAMS 0x0000000704200000, 0x0000000704000000| Complete 
|  33|0x0000000704200000, 0x0000000704400000, 0x0000000704400000|100%|HC|  |TAMS 0x0000000704400000, 0x0000000704200000| Complete 
|  34|0x0000000704400000, 0x0000000704600000, 0x0000000704600000|100%| O|  |TAMS 0x0000000704600000, 0x0000000704400000| Untracked 
|  35|0x0000000704600000, 0x0000000704800000, 0x0000000704800000|100%| O|  |TAMS 0x0000000704800000, 0x0000000704600000| Untracked 
|  36|0x0000000704800000, 0x0000000704a00000, 0x0000000704a00000|100%| O|  |TAMS 0x0000000704a00000, 0x0000000704800000| Untracked 
|  37|0x0000000704a00000, 0x0000000704c00000, 0x0000000704c00000|100%|HS|  |TAMS 0x0000000704c00000, 0x0000000704a00000| Complete 
|  38|0x0000000704c00000, 0x0000000704e00000, 0x0000000704e00000|100%| O|  |TAMS 0x0000000704e00000, 0x0000000704c00000| Untracked 
|  39|0x0000000704e00000, 0x0000000705000000, 0x0000000705000000|100%| O|  |TAMS 0x0000000705000000, 0x0000000704e00000| Untracked 
|  40|0x0000000705000000, 0x0000000705200000, 0x0000000705200000|100%| O|  |TAMS 0x0000000705200000, 0x0000000705000000| Untracked 
|  41|0x0000000705200000, 0x0000000705400000, 0x0000000705400000|100%| O|  |TAMS 0x0000000705400000, 0x0000000705200000| Untracked 
|  42|0x0000000705400000, 0x0000000705600000, 0x0000000705600000|100%|HS|  |TAMS 0x0000000705600000, 0x0000000705400000| Complete 
|  43|0x0000000705600000, 0x0000000705800000, 0x0000000705800000|100%|HC|  |TAMS 0x0000000705800000, 0x0000000705600000| Complete 
|  44|0x0000000705800000, 0x0000000705a00000, 0x0000000705a00000|100%| O|  |TAMS 0x0000000705a00000, 0x0000000705800000| Untracked 
|  45|0x0000000705a00000, 0x0000000705c00000, 0x0000000705c00000|100%| O|  |TAMS 0x0000000705c00000, 0x0000000705a00000| Untracked 
|  46|0x0000000705c00000, 0x0000000705e00000, 0x0000000705e00000|100%| O|  |TAMS 0x0000000705e00000, 0x0000000705c00000| Untracked 
|  47|0x0000000705e00000, 0x0000000706000000, 0x0000000706000000|100%| O|  |TAMS 0x0000000706000000, 0x0000000705e00000| Untracked 
|  48|0x0000000706000000, 0x0000000706200000, 0x0000000706200000|100%| O|  |TAMS 0x0000000706200000, 0x0000000706000000| Untracked 
|  49|0x0000000706200000, 0x0000000706400000, 0x0000000706400000|100%| O|  |TAMS 0x0000000706400000, 0x0000000706200000| Untracked 
|  50|0x0000000706400000, 0x0000000706600000, 0x0000000706600000|100%| O|  |TAMS 0x0000000706600000, 0x0000000706400000| Untracked 
|  51|0x0000000706600000, 0x0000000706800000, 0x0000000706800000|100%| O|  |TAMS 0x0000000706800000, 0x0000000706600000| Complete 
|  52|0x0000000706800000, 0x0000000706a00000, 0x0000000706a00000|100%| O|  |TAMS 0x0000000706a00000, 0x0000000706800000| Untracked 
|  53|0x0000000706a00000, 0x0000000706c00000, 0x0000000706c00000|100%| O|  |TAMS 0x0000000706c00000, 0x0000000706a00000| Untracked 
|  54|0x0000000706c00000, 0x0000000706e00000, 0x0000000706e00000|100%| O|  |TAMS 0x0000000706e00000, 0x0000000706c00000| Complete 
|  55|0x0000000706e00000, 0x0000000707000000, 0x0000000707000000|100%| O|  |TAMS 0x0000000707000000, 0x0000000706e00000| Untracked 
|  56|0x0000000707000000, 0x0000000707200000, 0x0000000707200000|100%| O|  |TAMS 0x0000000707200000, 0x0000000707000000| Untracked 
|  57|0x0000000707200000, 0x0000000707400000, 0x0000000707400000|100%| O|  |TAMS 0x0000000707400000, 0x0000000707200000| Untracked 
|  58|0x0000000707400000, 0x0000000707600000, 0x0000000707600000|100%| O|  |TAMS 0x0000000707600000, 0x0000000707400000| Untracked 
|  59|0x0000000707600000, 0x0000000707800000, 0x0000000707800000|100%| O|  |TAMS 0x0000000707800000, 0x0000000707600000| Untracked 
|  60|0x0000000707800000, 0x0000000707a00000, 0x0000000707a00000|100%| O|  |TAMS 0x0000000707a00000, 0x0000000707800000| Untracked 
|  61|0x0000000707a00000, 0x0000000707c00000, 0x0000000707c00000|100%| O|  |TAMS 0x0000000707c00000, 0x0000000707a00000| Untracked 
|  62|0x0000000707c00000, 0x0000000707e00000, 0x0000000707e00000|100%| O|  |TAMS 0x0000000707e00000, 0x0000000707c00000| Untracked 
|  63|0x0000000707e00000, 0x0000000708000000, 0x0000000708000000|100%| O|  |TAMS 0x0000000708000000, 0x0000000707e00000| Untracked 
|  64|0x0000000708000000, 0x0000000708200000, 0x0000000708200000|100%| O|  |TAMS 0x0000000708200000, 0x0000000708000000| Untracked 
|  65|0x0000000708200000, 0x0000000708400000, 0x0000000708400000|100%| O|  |TAMS 0x0000000708400000, 0x0000000708200000| Untracked 
|  66|0x0000000708400000, 0x0000000708600000, 0x0000000708600000|100%| O|  |TAMS 0x0000000708600000, 0x0000000708400000| Untracked 
|  67|0x0000000708600000, 0x0000000708800000, 0x0000000708800000|100%| O|  |TAMS 0x0000000708800000, 0x0000000708600000| Untracked 
|  68|0x0000000708800000, 0x0000000708a00000, 0x0000000708a00000|100%| O|  |TAMS 0x0000000708a00000, 0x0000000708800000| Untracked 
|  69|0x0000000708a00000, 0x0000000708c00000, 0x0000000708c00000|100%| O|  |TAMS 0x0000000708c00000, 0x0000000708a00000| Untracked 
|  70|0x0000000708c00000, 0x0000000708e00000, 0x0000000708e00000|100%| O|  |TAMS 0x0000000708e00000, 0x0000000708c00000| Untracked 
|  71|0x0000000708e00000, 0x0000000709000000, 0x0000000709000000|100%| O|  |TAMS 0x0000000709000000, 0x0000000708e00000| Untracked 
|  72|0x0000000709000000, 0x0000000709200000, 0x0000000709200000|100%| O|  |TAMS 0x0000000709200000, 0x0000000709000000| Untracked 
|  73|0x0000000709200000, 0x0000000709400000, 0x0000000709400000|100%| O|  |TAMS 0x0000000709400000, 0x0000000709200000| Untracked 
|  74|0x0000000709400000, 0x0000000709600000, 0x0000000709600000|100%| O|  |TAMS 0x0000000709600000, 0x0000000709400000| Untracked 
|  75|0x0000000709600000, 0x0000000709800000, 0x0000000709800000|100%| O|  |TAMS 0x0000000709800000, 0x0000000709600000| Untracked 
|  76|0x0000000709800000, 0x0000000709a00000, 0x0000000709a00000|100%| O|  |TAMS 0x0000000709a00000, 0x0000000709800000| Untracked 
|  77|0x0000000709a00000, 0x0000000709c00000, 0x0000000709c00000|100%| O|  |TAMS 0x0000000709c00000, 0x0000000709a00000| Untracked 
|  78|0x0000000709c00000, 0x0000000709e00000, 0x0000000709e00000|100%| O|  |TAMS 0x0000000709e00000, 0x0000000709c00000| Untracked 
|  79|0x0000000709e00000, 0x000000070a000000, 0x000000070a000000|100%| O|  |TAMS 0x000000070a000000, 0x0000000709e00000| Untracked 
|  80|0x000000070a000000, 0x000000070a200000, 0x000000070a200000|100%| O|  |TAMS 0x000000070a200000, 0x000000070a000000| Untracked 
|  81|0x000000070a200000, 0x000000070a400000, 0x000000070a400000|100%| O|  |TAMS 0x000000070a400000, 0x000000070a200000| Untracked 
|  82|0x000000070a400000, 0x000000070a600000, 0x000000070a600000|100%| O|  |TAMS 0x000000070a600000, 0x000000070a400000| Untracked 
|  83|0x000000070a600000, 0x000000070a800000, 0x000000070a800000|100%| O|  |TAMS 0x000000070a800000, 0x000000070a600000| Untracked 
|  84|0x000000070a800000, 0x000000070aa00000, 0x000000070aa00000|100%| O|  |TAMS 0x000000070aa00000, 0x000000070a800000| Untracked 
|  85|0x000000070aa00000, 0x000000070ac00000, 0x000000070ac00000|100%| O|  |TAMS 0x000000070ac00000, 0x000000070aa00000| Untracked 
|  86|0x000000070ac00000, 0x000000070ae00000, 0x000000070ae00000|100%| O|  |TAMS 0x000000070ae00000, 0x000000070ac00000| Untracked 
|  87|0x000000070ae00000, 0x000000070b000000, 0x000000070b000000|100%| O|  |TAMS 0x000000070b000000, 0x000000070ae00000| Untracked 
|  88|0x000000070b000000, 0x000000070b200000, 0x000000070b200000|100%| O|  |TAMS 0x000000070b200000, 0x000000070b000000| Untracked 
|  89|0x000000070b200000, 0x000000070b400000, 0x000000070b400000|100%| O|  |TAMS 0x000000070b400000, 0x000000070b200000| Untracked 
|  90|0x000000070b400000, 0x000000070b600000, 0x000000070b600000|100%| O|  |TAMS 0x000000070b600000, 0x000000070b400000| Untracked 
|  91|0x000000070b600000, 0x000000070b800000, 0x000000070b800000|100%| O|  |TAMS 0x000000070b800000, 0x000000070b600000| Untracked 
|  92|0x000000070b800000, 0x000000070ba00000, 0x000000070ba00000|100%| O|  |TAMS 0x000000070ba00000, 0x000000070b800000| Untracked 
|  93|0x000000070ba00000, 0x000000070bc00000, 0x000000070bc00000|100%|HS|  |TAMS 0x000000070bc00000, 0x000000070ba00000| Complete 
|  94|0x000000070bc00000, 0x000000070be00000, 0x000000070be00000|100%| O|  |TAMS 0x000000070be00000, 0x000000070bc00000| Untracked 
|  95|0x000000070be00000, 0x000000070c000000, 0x000000070c000000|100%| O|  |TAMS 0x000000070c000000, 0x000000070be00000| Untracked 
|  96|0x000000070c000000, 0x000000070c200000, 0x000000070c200000|100%| O|  |TAMS 0x000000070c200000, 0x000000070c000000| Untracked 
|  97|0x000000070c200000, 0x000000070c400000, 0x000000070c400000|100%| O|  |TAMS 0x000000070c400000, 0x000000070c200000| Untracked 
|  98|0x000000070c400000, 0x000000070c600000, 0x000000070c600000|100%| O|  |TAMS 0x000000070c600000, 0x000000070c400000| Untracked 
|  99|0x000000070c600000, 0x000000070c800000, 0x000000070c800000|100%| O|  |TAMS 0x000000070c800000, 0x000000070c600000| Untracked 
| 100|0x000000070c800000, 0x000000070ca00000, 0x000000070ca00000|100%| O|  |TAMS 0x000000070ca00000, 0x000000070c800000| Untracked 
| 101|0x000000070ca00000, 0x000000070cc00000, 0x000000070cc00000|100%| O|  |TAMS 0x000000070cc00000, 0x000000070ca00000| Untracked 
| 102|0x000000070cc00000, 0x000000070ce00000, 0x000000070ce00000|100%| O|  |TAMS 0x000000070ce00000, 0x000000070cc00000| Untracked 
| 103|0x000000070ce00000, 0x000000070d000000, 0x000000070d000000|100%| O|  |TAMS 0x000000070d000000, 0x000000070ce00000| Untracked 
| 104|0x000000070d000000, 0x000000070d200000, 0x000000070d200000|100%| O|  |TAMS 0x000000070d200000, 0x000000070d000000| Untracked 
| 105|0x000000070d200000, 0x000000070d400000, 0x000000070d400000|100%| O|  |TAMS 0x000000070d400000, 0x000000070d200000| Untracked 
| 106|0x000000070d400000, 0x000000070d600000, 0x000000070d600000|100%| O|  |TAMS 0x000000070d600000, 0x000000070d400000| Untracked 
| 107|0x000000070d600000, 0x000000070d800000, 0x000000070d800000|100%| O|  |TAMS 0x000000070d800000, 0x000000070d600000| Complete 
| 108|0x000000070d800000, 0x000000070da00000, 0x000000070da00000|100%| O|  |TAMS 0x000000070da00000, 0x000000070d800000| Untracked 
| 109|0x000000070da00000, 0x000000070dc00000, 0x000000070dc00000|100%| O|  |TAMS 0x000000070dc00000, 0x000000070da00000| Untracked 
| 110|0x000000070dc00000, 0x000000070de00000, 0x000000070de00000|100%| O|  |TAMS 0x000000070de00000, 0x000000070dc00000| Untracked 
| 111|0x000000070de00000, 0x000000070e000000, 0x000000070e000000|100%| O|  |TAMS 0x000000070e000000, 0x000000070de00000| Untracked 
| 112|0x000000070e000000, 0x000000070e200000, 0x000000070e200000|100%| O|  |TAMS 0x000000070e200000, 0x000000070e000000| Untracked 
| 113|0x000000070e200000, 0x000000070e400000, 0x000000070e400000|100%| O|  |TAMS 0x000000070e400000, 0x000000070e200000| Untracked 
| 114|0x000000070e400000, 0x000000070e600000, 0x000000070e600000|100%| O|  |TAMS 0x000000070e600000, 0x000000070e400000| Untracked 
| 115|0x000000070e600000, 0x000000070e600000, 0x000000070e800000|  0%| F|  |TAMS 0x000000070e600000, 0x000000070e600000| Untracked 
| 116|0x000000070e800000, 0x000000070ea00000, 0x000000070ea00000|100%| O|  |TAMS 0x000000070ea00000, 0x000000070e800000| Untracked 
| 117|0x000000070ea00000, 0x000000070ec00000, 0x000000070ec00000|100%| O|  |TAMS 0x000000070ec00000, 0x000000070ea00000| Untracked 
| 118|0x000000070ec00000, 0x000000070ee00000, 0x000000070ee00000|100%| O|  |TAMS 0x000000070ee00000, 0x000000070ec00000| Untracked 
| 119|0x000000070ee00000, 0x000000070ee00000, 0x000000070f000000|  0%| F|  |TAMS 0x000000070ee00000, 0x000000070ee00000| Untracked 
| 120|0x000000070f000000, 0x000000070f000000, 0x000000070f200000|  0%| F|  |TAMS 0x000000070f000000, 0x000000070f000000| Untracked 
| 121|0x000000070f200000, 0x000000070f400000, 0x000000070f400000|100%| O|  |TAMS 0x000000070f400000, 0x000000070f200000| Untracked 
| 122|0x000000070f400000, 0x000000070f600000, 0x000000070f600000|100%| O|  |TAMS 0x000000070f600000, 0x000000070f400000| Untracked 
| 123|0x000000070f600000, 0x000000070f800000, 0x000000070f800000|100%| O|  |TAMS 0x000000070f800000, 0x000000070f600000| Untracked 
| 124|0x000000070f800000, 0x000000070fa00000, 0x000000070fa00000|100%| O|  |TAMS 0x000000070fa00000, 0x000000070f800000| Untracked 
| 125|0x000000070fa00000, 0x000000070fa00000, 0x000000070fc00000|  0%| F|  |TAMS 0x000000070fa00000, 0x000000070fa00000| Untracked 
| 126|0x000000070fc00000, 0x000000070fe00000, 0x000000070fe00000|100%| O|  |TAMS 0x000000070fe00000, 0x000000070fc00000| Untracked 
| 127|0x000000070fe00000, 0x0000000710000000, 0x0000000710000000|100%| O|  |TAMS 0x0000000710000000, 0x000000070fe00000| Untracked 
| 128|0x0000000710000000, 0x0000000710200000, 0x0000000710200000|100%| O|  |TAMS 0x0000000710200000, 0x0000000710000000| Untracked 
| 129|0x0000000710200000, 0x0000000710400000, 0x0000000710400000|100%| O|  |TAMS 0x0000000710400000, 0x0000000710200000| Untracked 
| 130|0x0000000710400000, 0x0000000710600000, 0x0000000710600000|100%| O|  |TAMS 0x0000000710600000, 0x0000000710400000| Untracked 
| 131|0x0000000710600000, 0x0000000710800000, 0x0000000710800000|100%| O|  |TAMS 0x0000000710800000, 0x0000000710600000| Untracked 
| 132|0x0000000710800000, 0x0000000710a00000, 0x0000000710a00000|100%| O|  |TAMS 0x0000000710a00000, 0x0000000710800000| Untracked 
| 133|0x0000000710a00000, 0x0000000710c00000, 0x0000000710c00000|100%| O|  |TAMS 0x0000000710c00000, 0x0000000710a00000| Untracked 
| 134|0x0000000710c00000, 0x0000000710e00000, 0x0000000710e00000|100%| O|  |TAMS 0x0000000710e00000, 0x0000000710c00000| Untracked 
| 135|0x0000000710e00000, 0x0000000711000000, 0x0000000711000000|100%| O|  |TAMS 0x0000000711000000, 0x0000000710e00000| Untracked 
| 136|0x0000000711000000, 0x0000000711200000, 0x0000000711200000|100%| O|  |TAMS 0x0000000711200000, 0x0000000711000000| Complete 
| 137|0x0000000711200000, 0x0000000711400000, 0x0000000711400000|100%| O|  |TAMS 0x0000000711400000, 0x0000000711200000| Untracked 
| 138|0x0000000711400000, 0x0000000711600000, 0x0000000711600000|100%| O|  |TAMS 0x0000000711600000, 0x0000000711400000| Untracked 
| 139|0x0000000711600000, 0x0000000711800000, 0x0000000711800000|100%| O|  |TAMS 0x0000000711800000, 0x0000000711600000| Untracked 
| 140|0x0000000711800000, 0x0000000711a00000, 0x0000000711a00000|100%| O|  |TAMS 0x0000000711a00000, 0x0000000711800000| Untracked 
| 141|0x0000000711a00000, 0x0000000711c00000, 0x0000000711c00000|100%| O|  |TAMS 0x0000000711c00000, 0x0000000711a00000| Untracked 
| 142|0x0000000711c00000, 0x0000000711cc5c00, 0x0000000711e00000| 38%| O|  |TAMS 0x0000000711cbd800, 0x0000000711c00000| Untracked 
| 143|0x0000000711e00000, 0x0000000711e00000, 0x0000000712000000|  0%| F|  |TAMS 0x0000000711e00000, 0x0000000711e00000| Untracked 
| 144|0x0000000712000000, 0x0000000712000000, 0x0000000712200000|  0%| F|  |TAMS 0x0000000712000000, 0x0000000712000000| Untracked 
| 145|0x0000000712200000, 0x0000000712200000, 0x0000000712400000|  0%| F|  |TAMS 0x0000000712200000, 0x0000000712200000| Untracked 
| 146|0x0000000712400000, 0x0000000712400000, 0x0000000712600000|  0%| F|  |TAMS 0x0000000712400000, 0x0000000712400000| Untracked 
| 147|0x0000000712600000, 0x0000000712600000, 0x0000000712800000|  0%| F|  |TAMS 0x0000000712600000, 0x0000000712600000| Untracked 
| 148|0x0000000712800000, 0x0000000712800000, 0x0000000712a00000|  0%| F|  |TAMS 0x0000000712800000, 0x0000000712800000| Untracked 
| 149|0x0000000712a00000, 0x0000000712a00000, 0x0000000712c00000|  0%| F|  |TAMS 0x0000000712a00000, 0x0000000712a00000| Untracked 
| 150|0x0000000712c00000, 0x0000000712c00000, 0x0000000712e00000|  0%| F|  |TAMS 0x0000000712c00000, 0x0000000712c00000| Untracked 
| 151|0x0000000712e00000, 0x0000000712e00000, 0x0000000713000000|  0%| F|  |TAMS 0x0000000712e00000, 0x0000000712e00000| Untracked 
| 152|0x0000000713000000, 0x0000000713000000, 0x0000000713200000|  0%| F|  |TAMS 0x0000000713000000, 0x0000000713000000| Untracked 
| 153|0x0000000713200000, 0x0000000713200000, 0x0000000713400000|  0%| F|  |TAMS 0x0000000713200000, 0x0000000713200000| Untracked 
| 154|0x0000000713400000, 0x0000000713400000, 0x0000000713600000|  0%| F|  |TAMS 0x0000000713400000, 0x0000000713400000| Untracked 
| 155|0x0000000713600000, 0x0000000713600000, 0x0000000713800000|  0%| F|  |TAMS 0x0000000713600000, 0x0000000713600000| Untracked 
| 156|0x0000000713800000, 0x0000000713800000, 0x0000000713a00000|  0%| F|  |TAMS 0x0000000713800000, 0x0000000713800000| Untracked 
| 157|0x0000000713a00000, 0x0000000713a00000, 0x0000000713c00000|  0%| F|  |TAMS 0x0000000713a00000, 0x0000000713a00000| Untracked 
| 158|0x0000000713c00000, 0x0000000713c00000, 0x0000000713e00000|  0%| F|  |TAMS 0x0000000713c00000, 0x0000000713c00000| Untracked 
| 159|0x0000000713e00000, 0x0000000713e00000, 0x0000000714000000|  0%| F|  |TAMS 0x0000000713e00000, 0x0000000713e00000| Untracked 
| 160|0x0000000714000000, 0x0000000714000000, 0x0000000714200000|  0%| F|  |TAMS 0x0000000714000000, 0x0000000714000000| Untracked 
| 161|0x0000000714200000, 0x0000000714200000, 0x0000000714400000|  0%| F|  |TAMS 0x0000000714200000, 0x0000000714200000| Untracked 
| 162|0x0000000714400000, 0x0000000714400000, 0x0000000714600000|  0%| F|  |TAMS 0x0000000714400000, 0x0000000714400000| Untracked 
| 163|0x0000000714600000, 0x0000000714600000, 0x0000000714800000|  0%| F|  |TAMS 0x0000000714600000, 0x0000000714600000| Untracked 
| 164|0x0000000714800000, 0x0000000714800000, 0x0000000714a00000|  0%| F|  |TAMS 0x0000000714800000, 0x0000000714800000| Untracked 
| 165|0x0000000714a00000, 0x0000000714a00000, 0x0000000714c00000|  0%| F|  |TAMS 0x0000000714a00000, 0x0000000714a00000| Untracked 
| 166|0x0000000714c00000, 0x0000000714c00000, 0x0000000714e00000|  0%| F|  |TAMS 0x0000000714c00000, 0x0000000714c00000| Untracked 
| 167|0x0000000714e00000, 0x0000000714e00000, 0x0000000715000000|  0%| F|  |TAMS 0x0000000714e00000, 0x0000000714e00000| Untracked 
| 168|0x0000000715000000, 0x0000000715200000, 0x0000000715200000|100%| S|CS|TAMS 0x0000000715000000, 0x0000000715000000| Complete 
| 169|0x0000000715200000, 0x0000000715400000, 0x0000000715400000|100%| S|CS|TAMS 0x0000000715200000, 0x0000000715200000| Complete 
| 170|0x0000000715400000, 0x0000000715600000, 0x0000000715600000|100%| S|CS|TAMS 0x0000000715400000, 0x0000000715400000| Complete 
| 171|0x0000000715600000, 0x0000000715800000, 0x0000000715800000|100%| S|CS|TAMS 0x0000000715600000, 0x0000000715600000| Complete 
| 172|0x0000000715800000, 0x0000000715a00000, 0x0000000715a00000|100%| S|CS|TAMS 0x0000000715800000, 0x0000000715800000| Complete 
| 173|0x0000000715a00000, 0x0000000715c00000, 0x0000000715c00000|100%| S|CS|TAMS 0x0000000715a00000, 0x0000000715a00000| Complete 
| 174|0x0000000715c00000, 0x0000000715c00000, 0x0000000715e00000|  0%| F|  |TAMS 0x0000000715c00000, 0x0000000715c00000| Untracked 
| 175|0x0000000715e00000, 0x0000000715e00000, 0x0000000716000000|  0%| F|  |TAMS 0x0000000715e00000, 0x0000000715e00000| Untracked 
| 176|0x0000000716000000, 0x0000000716000000, 0x0000000716200000|  0%| F|  |TAMS 0x0000000716000000, 0x0000000716000000| Untracked 
| 177|0x0000000716200000, 0x0000000716400000, 0x0000000716400000|100%| S|CS|TAMS 0x0000000716200000, 0x0000000716200000| Complete 
| 178|0x0000000716400000, 0x0000000716600000, 0x0000000716600000|100%| S|CS|TAMS 0x0000000716400000, 0x0000000716400000| Complete 
| 179|0x0000000716600000, 0x0000000716600000, 0x0000000716800000|  0%| F|  |TAMS 0x0000000716600000, 0x0000000716600000| Untracked 
| 180|0x0000000716800000, 0x0000000716800000, 0x0000000716a00000|  0%| F|  |TAMS 0x0000000716800000, 0x0000000716800000| Untracked 
| 181|0x0000000716a00000, 0x0000000716a00000, 0x0000000716c00000|  0%| F|  |TAMS 0x0000000716a00000, 0x0000000716a00000| Untracked 
| 182|0x0000000716c00000, 0x0000000716c00000, 0x0000000716e00000|  0%| F|  |TAMS 0x0000000716c00000, 0x0000000716c00000| Untracked 
| 183|0x0000000716e00000, 0x0000000716e00000, 0x0000000717000000|  0%| F|  |TAMS 0x0000000716e00000, 0x0000000716e00000| Untracked 
| 184|0x0000000717000000, 0x0000000717000000, 0x0000000717200000|  0%| F|  |TAMS 0x0000000717000000, 0x0000000717000000| Untracked 
| 185|0x0000000717200000, 0x0000000717200000, 0x0000000717400000|  0%| F|  |TAMS 0x0000000717200000, 0x0000000717200000| Untracked 
| 186|0x0000000717400000, 0x0000000717400000, 0x0000000717600000|  0%| F|  |TAMS 0x0000000717400000, 0x0000000717400000| Untracked 
| 187|0x0000000717600000, 0x0000000717600000, 0x0000000717800000|  0%| F|  |TAMS 0x0000000717600000, 0x0000000717600000| Untracked 
| 188|0x0000000717800000, 0x0000000717800000, 0x0000000717a00000|  0%| F|  |TAMS 0x0000000717800000, 0x0000000717800000| Untracked 
| 189|0x0000000717a00000, 0x0000000717a00000, 0x0000000717c00000|  0%| F|  |TAMS 0x0000000717a00000, 0x0000000717a00000| Untracked 
| 190|0x0000000717c00000, 0x0000000717c00000, 0x0000000717e00000|  0%| F|  |TAMS 0x0000000717c00000, 0x0000000717c00000| Untracked 
| 191|0x0000000717e00000, 0x0000000717e00000, 0x0000000718000000|  0%| F|  |TAMS 0x0000000717e00000, 0x0000000717e00000| Untracked 
| 192|0x0000000718000000, 0x0000000718000000, 0x0000000718200000|  0%| F|  |TAMS 0x0000000718000000, 0x0000000718000000| Untracked 
| 193|0x0000000718200000, 0x0000000718200000, 0x0000000718400000|  0%| F|  |TAMS 0x0000000718200000, 0x0000000718200000| Untracked 
| 194|0x0000000718400000, 0x0000000718400000, 0x0000000718600000|  0%| F|  |TAMS 0x0000000718400000, 0x0000000718400000| Untracked 
| 195|0x0000000718600000, 0x0000000718600000, 0x0000000718800000|  0%| F|  |TAMS 0x0000000718600000, 0x0000000718600000| Untracked 
| 196|0x0000000718800000, 0x0000000718800000, 0x0000000718a00000|  0%| F|  |TAMS 0x0000000718800000, 0x0000000718800000| Untracked 
| 197|0x0000000718a00000, 0x0000000718a00000, 0x0000000718c00000|  0%| F|  |TAMS 0x0000000718a00000, 0x0000000718a00000| Untracked 
| 198|0x0000000718c00000, 0x0000000718c00000, 0x0000000718e00000|  0%| F|  |TAMS 0x0000000718c00000, 0x0000000718c00000| Untracked 
| 199|0x0000000718e00000, 0x0000000718e00000, 0x0000000719000000|  0%| F|  |TAMS 0x0000000718e00000, 0x0000000718e00000| Untracked 
| 200|0x0000000719000000, 0x0000000719000000, 0x0000000719200000|  0%| F|  |TAMS 0x0000000719000000, 0x0000000719000000| Untracked 
| 201|0x0000000719200000, 0x0000000719200000, 0x0000000719400000|  0%| F|  |TAMS 0x0000000719200000, 0x0000000719200000| Untracked 
| 202|0x0000000719400000, 0x0000000719400000, 0x0000000719600000|  0%| F|  |TAMS 0x0000000719400000, 0x0000000719400000| Untracked 
| 203|0x0000000719600000, 0x0000000719600000, 0x0000000719800000|  0%| F|  |TAMS 0x0000000719600000, 0x0000000719600000| Untracked 
| 204|0x0000000719800000, 0x0000000719800000, 0x0000000719a00000|  0%| F|  |TAMS 0x0000000719800000, 0x0000000719800000| Untracked 
| 205|0x0000000719a00000, 0x0000000719a00000, 0x0000000719c00000|  0%| F|  |TAMS 0x0000000719a00000, 0x0000000719a00000| Untracked 
| 206|0x0000000719c00000, 0x0000000719c00000, 0x0000000719e00000|  0%| F|  |TAMS 0x0000000719c00000, 0x0000000719c00000| Untracked 
| 207|0x0000000719e00000, 0x0000000719e00000, 0x000000071a000000|  0%| F|  |TAMS 0x0000000719e00000, 0x0000000719e00000| Untracked 
| 208|0x000000071a000000, 0x000000071a000000, 0x000000071a200000|  0%| F|  |TAMS 0x000000071a000000, 0x000000071a000000| Untracked 
| 209|0x000000071a200000, 0x000000071a200000, 0x000000071a400000|  0%| F|  |TAMS 0x000000071a200000, 0x000000071a200000| Untracked 
| 210|0x000000071a400000, 0x000000071a400000, 0x000000071a600000|  0%| F|  |TAMS 0x000000071a400000, 0x000000071a400000| Untracked 
| 211|0x000000071a600000, 0x000000071a600000, 0x000000071a800000|  0%| F|  |TAMS 0x000000071a600000, 0x000000071a600000| Untracked 
| 212|0x000000071a800000, 0x000000071a800000, 0x000000071aa00000|  0%| F|  |TAMS 0x000000071a800000, 0x000000071a800000| Untracked 
| 213|0x000000071aa00000, 0x000000071aa00000, 0x000000071ac00000|  0%| F|  |TAMS 0x000000071aa00000, 0x000000071aa00000| Untracked 
| 214|0x000000071ac00000, 0x000000071ac00000, 0x000000071ae00000|  0%| F|  |TAMS 0x000000071ac00000, 0x000000071ac00000| Untracked 
| 215|0x000000071ae00000, 0x000000071ae00000, 0x000000071b000000|  0%| F|  |TAMS 0x000000071ae00000, 0x000000071ae00000| Untracked 
| 216|0x000000071b000000, 0x000000071b000000, 0x000000071b200000|  0%| F|  |TAMS 0x000000071b000000, 0x000000071b000000| Untracked 
| 217|0x000000071b200000, 0x000000071b200000, 0x000000071b400000|  0%| F|  |TAMS 0x000000071b200000, 0x000000071b200000| Untracked 
| 218|0x000000071b400000, 0x000000071b400000, 0x000000071b600000|  0%| F|  |TAMS 0x000000071b400000, 0x000000071b400000| Untracked 
| 219|0x000000071b600000, 0x000000071b600000, 0x000000071b800000|  0%| F|  |TAMS 0x000000071b600000, 0x000000071b600000| Untracked 
| 220|0x000000071b800000, 0x000000071b800000, 0x000000071ba00000|  0%| F|  |TAMS 0x000000071b800000, 0x000000071b800000| Untracked 
| 221|0x000000071ba00000, 0x000000071ba00000, 0x000000071bc00000|  0%| F|  |TAMS 0x000000071ba00000, 0x000000071ba00000| Untracked 
| 222|0x000000071bc00000, 0x000000071bc00000, 0x000000071be00000|  0%| F|  |TAMS 0x000000071bc00000, 0x000000071bc00000| Untracked 
| 223|0x000000071be00000, 0x000000071be00000, 0x000000071c000000|  0%| F|  |TAMS 0x000000071be00000, 0x000000071be00000| Untracked 
| 224|0x000000071c000000, 0x000000071c000000, 0x000000071c200000|  0%| F|  |TAMS 0x000000071c000000, 0x000000071c000000| Untracked 
| 225|0x000000071c200000, 0x000000071c200000, 0x000000071c400000|  0%| F|  |TAMS 0x000000071c200000, 0x000000071c200000| Untracked 
| 226|0x000000071c400000, 0x000000071c400000, 0x000000071c600000|  0%| F|  |TAMS 0x000000071c400000, 0x000000071c400000| Untracked 
| 227|0x000000071c600000, 0x000000071c600000, 0x000000071c800000|  0%| F|  |TAMS 0x000000071c600000, 0x000000071c600000| Untracked 
| 228|0x000000071c800000, 0x000000071c800000, 0x000000071ca00000|  0%| F|  |TAMS 0x000000071c800000, 0x000000071c800000| Untracked 
| 229|0x000000071ca00000, 0x000000071ca00000, 0x000000071cc00000|  0%| F|  |TAMS 0x000000071ca00000, 0x000000071ca00000| Untracked 
| 230|0x000000071cc00000, 0x000000071ce00000, 0x000000071ce00000|100%| E|CS|TAMS 0x000000071cc00000, 0x000000071cc00000| Complete 
| 231|0x000000071ce00000, 0x000000071d000000, 0x000000071d000000|100%| E|CS|TAMS 0x000000071ce00000, 0x000000071ce00000| Complete 
| 232|0x000000071d000000, 0x000000071d200000, 0x000000071d200000|100%| E|CS|TAMS 0x000000071d000000, 0x000000071d000000| Complete 
| 233|0x000000071d200000, 0x000000071d400000, 0x000000071d400000|100%| E|CS|TAMS 0x000000071d200000, 0x000000071d200000| Complete 
| 234|0x000000071d400000, 0x000000071d600000, 0x000000071d600000|100%| E|CS|TAMS 0x000000071d400000, 0x000000071d400000| Complete 
| 235|0x000000071d600000, 0x000000071d800000, 0x000000071d800000|100%| E|CS|TAMS 0x000000071d600000, 0x000000071d600000| Complete 
| 236|0x000000071d800000, 0x000000071da00000, 0x000000071da00000|100%| E|CS|TAMS 0x000000071d800000, 0x000000071d800000| Complete 
| 237|0x000000071da00000, 0x000000071da00000, 0x000000071dc00000|  0%| F|  |TAMS 0x000000071da00000, 0x000000071da00000| Untracked 
| 238|0x000000071dc00000, 0x000000071dc00000, 0x000000071de00000|  0%| F|  |TAMS 0x000000071dc00000, 0x000000071dc00000| Untracked 
| 239|0x000000071de00000, 0x000000071de00000, 0x000000071e000000|  0%| F|  |TAMS 0x000000071de00000, 0x000000071de00000| Untracked 
| 240|0x000000071e000000, 0x000000071e000000, 0x000000071e200000|  0%| F|  |TAMS 0x000000071e000000, 0x000000071e000000| Untracked 
| 241|0x000000071e200000, 0x000000071e200000, 0x000000071e400000|  0%| F|  |TAMS 0x000000071e200000, 0x000000071e200000| Untracked 
| 242|0x000000071e400000, 0x000000071e400000, 0x000000071e600000|  0%| F|  |TAMS 0x000000071e400000, 0x000000071e400000| Untracked 
| 243|0x000000071e600000, 0x000000071e600000, 0x000000071e800000|  0%| F|  |TAMS 0x000000071e600000, 0x000000071e600000| Untracked 
| 244|0x000000071e800000, 0x000000071e800000, 0x000000071ea00000|  0%| F|  |TAMS 0x000000071e800000, 0x000000071e800000| Untracked 
| 245|0x000000071ea00000, 0x000000071eb28888, 0x000000071ec00000| 57%| E|  |TAMS 0x000000071ea00000, 0x000000071ea00000| Complete 
| 246|0x000000071ec00000, 0x000000071ee00000, 0x000000071ee00000|100%| E|CS|TAMS 0x000000071ec00000, 0x000000071ec00000| Complete 
| 247|0x000000071ee00000, 0x000000071f000000, 0x000000071f000000|100%| E|CS|TAMS 0x000000071ee00000, 0x000000071ee00000| Complete 
| 248|0x000000071f000000, 0x000000071f200000, 0x000000071f200000|100%| E|CS|TAMS 0x000000071f000000, 0x000000071f000000| Complete 
| 249|0x000000071f200000, 0x000000071f400000, 0x000000071f400000|100%| E|CS|TAMS 0x000000071f200000, 0x000000071f200000| Complete 
| 250|0x000000071f400000, 0x000000071f600000, 0x000000071f600000|100%| E|CS|TAMS 0x000000071f400000, 0x000000071f400000| Complete 
| 251|0x000000071f600000, 0x000000071f800000, 0x000000071f800000|100%| E|CS|TAMS 0x000000071f600000, 0x000000071f600000| Complete 
| 252|0x000000071f800000, 0x000000071fa00000, 0x000000071fa00000|100%| E|CS|TAMS 0x000000071f800000, 0x000000071f800000| Complete 
| 253|0x000000071fa00000, 0x000000071fc00000, 0x000000071fc00000|100%| E|CS|TAMS 0x000000071fa00000, 0x000000071fa00000| Complete 
| 254|0x000000071fc00000, 0x000000071fe00000, 0x000000071fe00000|100%| E|CS|TAMS 0x000000071fc00000, 0x000000071fc00000| Complete 
| 255|0x000000071fe00000, 0x0000000720000000, 0x0000000720000000|100%| E|CS|TAMS 0x000000071fe00000, 0x000000071fe00000| Complete 
| 256|0x0000000720000000, 0x0000000720200000, 0x0000000720200000|100%| E|CS|TAMS 0x0000000720000000, 0x0000000720000000| Complete 

Card table byte_map: [0x000001fbf79a0000,0x000001fbf81a0000] _byte_map_base: 0x000001fbf41a0000

Marking Bits (Prev, Next): (CMBitMap*) 0x000001fbddccde00, (CMBitMap*) 0x000001fbddccde40
 Prev Bits: [0x000001fbf89a0000, 0x000001fbfc9a0000)
 Next Bits: [0x000001fb80000000, 0x000001fb84000000)

Polling page: 0x000001fbdf580000

Metaspace:

Usage:
  Non-class:    115.83 MB used.
      Class:     18.49 MB used.
       Both:    134.32 MB used.

Virtual space:
  Non-class space:      128.00 MB reserved,     116.94 MB ( 91%) committed,  2 nodes.
      Class space:      832.00 MB reserved,      19.44 MB (  2%) committed,  1 nodes.
             Both:      960.00 MB reserved,     136.38 MB ( 14%) committed. 

Chunk freelists:
   Non-Class:  10.46 MB
       Class:  12.53 MB
        Both:  22.99 MB

MaxMetaspaceSize: 1.00 GB
CompressedClassSpaceSize: 832.00 MB
Initial GC threshold: 21.00 MB
Current GC threshold: 226.88 MB
CDS: on
MetaspaceReclaimPolicy: balanced
 - commit_granule_bytes: 65536.
 - commit_granule_words: 8192.
 - virtual_space_node_default_size: 8388608.
 - enlarge_chunks_in_place: 1.
 - new_chunks_are_fully_committed: 0.
 - uncommit_free_chunks: 1.
 - use_allocation_guard: 0.
 - handle_deallocations: 1.


Internal statistics:

num_allocs_failed_limit: 9.
num_arena_births: 3040.
num_arena_deaths: 4.
num_vsnodes_births: 3.
num_vsnodes_deaths: 0.
num_space_committed: 2181.
num_space_uncommitted: 0.
num_chunks_returned_to_freelist: 15.
num_chunks_taken_from_freelist: 9575.
num_chunk_merges: 6.
num_chunk_splits: 5856.
num_chunks_enlarged: 3265.
num_inconsistent_stats: 0.

CodeHeap 'non-profiled nmethods': size=119168Kb used=17036Kb max_used=17206Kb free=102131Kb
 bounds [0x000001fbef4c0000, 0x000001fbf0590000, 0x000001fbf6920000]
CodeHeap 'profiled nmethods': size=119104Kb used=38489Kb max_used=39064Kb free=80614Kb
 bounds [0x000001fbe7920000, 0x000001fbe9f60000, 0x000001fbeed70000]
CodeHeap 'non-nmethods': size=7488Kb used=2518Kb max_used=4317Kb free=4969Kb
 bounds [0x000001fbeed70000, 0x000001fbef1c0000, 0x000001fbef4c0000]
 total_blobs=20627 nmethods=19560 adapters=978
 compilation: enabled
              stopped_count=0, restarted_count=0
 full_count=0

Compilation events (20 events):
Event: 1893.775 Thread 0x000001fbfee54320 nmethod 23839 0x000001fbe97e1210 code [0x000001fbe97e13e0, 0x000001fbe97e16a8]
Event: 1893.775 Thread 0x000001fbfee54320 23840       3       org.gradle.api.internal.file.copy.DefaultCopySpec$DefaultCopySpecResolver::getDuplicatesStrategy (42 bytes)
Event: 1893.775 Thread 0x000001fbfee54320 nmethod 23840 0x000001fbe9967f10 code [0x000001fbe99680e0, 0x000001fbe9968388]
Event: 1893.775 Thread 0x000001fbfee54320 23841       3       org.gradle.api.internal.file.copy.DefaultCopySpec$DefaultCopySpecResolver::getFilteringCharset (42 bytes)
Event: 1893.776 Thread 0x000001fbfee54320 nmethod 23841 0x000001fbe8946c10 code [0x000001fbe8946de0, 0x000001fbe89470b8]
Event: 1893.787 Thread 0x000001fbfee54320 23842       3       org.gradle.execution.plan.Node::getResourcesToLock (4 bytes)
Event: 1893.787 Thread 0x000001fbfee54320 nmethod 23842 0x000001fbe8969490 code [0x000001fbe8969620, 0x000001fbe8969798]
Event: 1893.798 Thread 0x000001fbfee54320 23843   !   3       org.gradle.api.internal.provider.AbstractProperty::calculateExecutionTimeValue (75 bytes)
Event: 1893.799 Thread 0x000001fbfee54320 nmethod 23843 0x000001fbe851a910 code [0x000001fbe851ab80, 0x000001fbe851b588]
Event: 1893.799 Thread 0x000001fbfee54320 23844       3       org.gradle.api.internal.provider.DefaultProperty::calculateOwnExecutionTimeValue (10 bytes)
Event: 1893.800 Thread 0x000001fbfee54320 nmethod 23844 0x000001fbe8a90d10 code [0x000001fbe8a90ec0, 0x000001fbe8a91288]
Event: 1893.800 Thread 0x000001fbfee54320 23845       3       org.gradle.api.internal.provider.DefaultProperty::calculateOwnExecutionTimeValue (7 bytes)
Event: 1893.800 Thread 0x000001fbfee54320 nmethod 23845 0x000001fbe8dcb910 code [0x000001fbe8dcbac0, 0x000001fbe8dcbc88]
Event: 1893.815 Thread 0x000001fbfee54320 23846       3       org.gradle.api.specs.CompositeSpec::<init> (115 bytes)
Event: 1893.816 Thread 0x000001fbfee54320 nmethod 23846 0x000001fbe9232f90 code [0x000001fbe92332a0, 0x000001fbe92347a8]
Event: 1893.816 Thread 0x000001fbfee54320 23847       3       org.gradle.internal.fingerprint.impl.PatternSetSnapshottingFilter::lambda$getAsSnapshotPredicate$0 (20 bytes)
Event: 1893.816 Thread 0x000001fbfee54320 nmethod 23847 0x000001fbe8e19090 code [0x000001fbe8e19260, 0x000001fbe8e19688]
Event: 1893.848 Thread 0x000001fbfee54320 23848       1       org.gradle.api.tasks.util.internal.CachingPatternSpecFactory$SpecKey::hashCode (5 bytes)
Event: 1893.848 Thread 0x000001fbfee54320 nmethod 23848 0x000001fbf03fe210 code [0x000001fbf03fe3a0, 0x000001fbf03fe478]
Event: 1893.854 Thread 0x000001fbfee54320 23849       1       org.gradle.internal.execution.steps.IncrementalCachingContext::getCachingState (5 bytes)

GC Heap History (20 events):
Event: 112.412 GC heap before
{Heap before GC invocations=60 (full 0):
 garbage-first heap   total 428032K, used 340255K [0x0000000700000000, 0x0000000800000000)
  region size 2048K, 52 young (106496K), 6 survivors (12288K)
 Metaspace       used 123575K, committed 125184K, reserved 983040K
  class space    used 17230K, committed 17984K, reserved 851968K
}
Event: 112.420 GC heap after
{Heap after GC invocations=61 (full 0):
 garbage-first heap   total 428032K, used 253110K [0x0000000700000000, 0x0000000800000000)
  region size 2048K, 4 young (8192K), 4 survivors (8192K)
 Metaspace       used 123575K, committed 125184K, reserved 983040K
  class space    used 17230K, committed 17984K, reserved 851968K
}
Event: 121.329 GC heap before
{Heap before GC invocations=61 (full 0):
 garbage-first heap   total 428032K, used 265398K [0x0000000700000000, 0x0000000800000000)
  region size 2048K, 10 young (20480K), 4 survivors (8192K)
 Metaspace       used 123667K, committed 125248K, reserved 983040K
  class space    used 17243K, committed 17984K, reserved 851968K
}
Event: 121.337 GC heap after
{Heap after GC invocations=62 (full 0):
 garbage-first heap   total 428032K, used 254385K [0x0000000700000000, 0x0000000800000000)
  region size 2048K, 2 young (4096K), 2 survivors (4096K)
 Metaspace       used 123667K, committed 125248K, reserved 983040K
  class space    used 17243K, committed 17984K, reserved 851968K
}
Event: 122.608 GC heap before
{Heap before GC invocations=62 (full 0):
 garbage-first heap   total 428032K, used 350641K [0x0000000700000000, 0x0000000800000000)
  region size 2048K, 50 young (102400K), 2 survivors (4096K)
 Metaspace       used 123726K, committed 125312K, reserved 983040K
  class space    used 17253K, committed 17984K, reserved 851968K
}
Event: 122.612 GC heap after
{Heap after GC invocations=63 (full 0):
 garbage-first heap   total 428032K, used 258676K [0x0000000700000000, 0x0000000800000000)
  region size 2048K, 5 young (10240K), 5 survivors (10240K)
 Metaspace       used 123726K, committed 125312K, reserved 983040K
  class space    used 17253K, committed 17984K, reserved 851968K
}
Event: 123.981 GC heap before
{Heap before GC invocations=63 (full 0):
 garbage-first heap   total 428032K, used 352884K [0x0000000700000000, 0x0000000800000000)
  region size 2048K, 52 young (106496K), 5 survivors (10240K)
 Metaspace       used 128839K, committed 130496K, reserved 983040K
  class space    used 17954K, committed 18752K, reserved 851968K
}
Event: 123.987 GC heap after
{Heap after GC invocations=64 (full 0):
 garbage-first heap   total 428032K, used 266130K [0x0000000700000000, 0x0000000800000000)
  region size 2048K, 6 young (12288K), 6 survivors (12288K)
 Metaspace       used 128839K, committed 130496K, reserved 983040K
  class space    used 17954K, committed 18752K, reserved 851968K
}
Event: 127.020 GC heap before
{Heap before GC invocations=64 (full 0):
 garbage-first heap   total 428032K, used 358290K [0x0000000700000000, 0x0000000800000000)
  region size 2048K, 51 young (104448K), 6 survivors (12288K)
 Metaspace       used 131136K, committed 132800K, reserved 983040K
  class space    used 18164K, committed 18944K, reserved 851968K
}
Event: 127.029 GC heap after
{Heap after GC invocations=65 (full 0):
 garbage-first heap   total 428032K, used 279936K [0x0000000700000000, 0x0000000800000000)
  region size 2048K, 7 young (14336K), 7 survivors (14336K)
 Metaspace       used 131136K, committed 132800K, reserved 983040K
  class space    used 18164K, committed 18944K, reserved 851968K
}
Event: 127.511 GC heap before
{Heap before GC invocations=66 (full 0):
 garbage-first heap   total 485376K, used 353664K [0x0000000700000000, 0x0000000800000000)
  region size 2048K, 43 young (88064K), 7 survivors (14336K)
 Metaspace       used 131714K, committed 133504K, reserved 983040K
  class space    used 18276K, committed 19136K, reserved 851968K
}
Event: 127.517 GC heap after
{Heap after GC invocations=67 (full 0):
 garbage-first heap   total 485376K, used 288218K [0x0000000700000000, 0x0000000800000000)
  region size 2048K, 4 young (8192K), 4 survivors (8192K)
 Metaspace       used 131714K, committed 133504K, reserved 983040K
  class space    used 18276K, committed 19136K, reserved 851968K
}
Event: 127.676 GC heap before
{Heap before GC invocations=67 (full 0):
 garbage-first heap   total 485376K, used 302554K [0x0000000700000000, 0x0000000800000000)
  region size 2048K, 11 young (22528K), 4 survivors (8192K)
 Metaspace       used 133048K, committed 134848K, reserved 983040K
  class space    used 18431K, committed 19264K, reserved 851968K
}
Event: 127.683 GC heap after
{Heap after GC invocations=68 (full 0):
 garbage-first heap   total 485376K, used 284280K [0x0000000700000000, 0x0000000800000000)
  region size 2048K, 1 young (2048K), 1 survivors (2048K)
 Metaspace       used 133048K, committed 134848K, reserved 983040K
  class space    used 18431K, committed 19264K, reserved 851968K
}
Event: 129.462 GC heap before
{Heap before GC invocations=68 (full 0):
 garbage-first heap   total 485376K, used 396920K [0x0000000700000000, 0x0000000800000000)
  region size 2048K, 57 young (116736K), 1 survivors (2048K)
 Metaspace       used 135533K, committed 137472K, reserved 983040K
  class space    used 18683K, committed 19584K, reserved 851968K
}
Event: 129.467 GC heap after
{Heap after GC invocations=69 (full 0):
 garbage-first heap   total 485376K, used 288099K [0x0000000700000000, 0x0000000800000000)
  region size 2048K, 3 young (6144K), 3 survivors (6144K)
 Metaspace       used 135533K, committed 137472K, reserved 983040K
  class space    used 18683K, committed 19584K, reserved 851968K
}
Event: 1884.273 GC heap before
{Heap before GC invocations=69 (full 0):
 garbage-first heap   total 485376K, used 400739K [0x0000000700000000, 0x0000000800000000)
  region size 2048K, 59 young (120832K), 3 survivors (6144K)
 Metaspace       used 136858K, committed 138816K, reserved 983040K
  class space    used 18863K, committed 19776K, reserved 851968K
}
Event: 1884.363 GC heap after
{Heap after GC invocations=70 (full 0):
 garbage-first heap   total 485376K, used 290000K [0x0000000700000000, 0x0000000800000000)
  region size 2048K, 4 young (8192K), 4 survivors (8192K)
 Metaspace       used 136858K, committed 138816K, reserved 983040K
  class space    used 18863K, committed 19776K, reserved 851968K
}
Event: 1891.395 GC heap before
{Heap before GC invocations=70 (full 0):
 garbage-first heap   total 485376K, used 406736K [0x0000000700000000, 0x0000000800000000)
  region size 2048K, 61 young (124928K), 4 survivors (8192K)
 Metaspace       used 137361K, committed 139328K, reserved 983040K
  class space    used 18901K, committed 19840K, reserved 851968K
}
Event: 1891.436 GC heap after
{Heap after GC invocations=71 (full 0):
 garbage-first heap   total 485376K, used 299799K [0x0000000700000000, 0x0000000800000000)
  region size 2048K, 8 young (16384K), 8 survivors (16384K)
 Metaspace       used 137361K, committed 139328K, reserved 983040K
  class space    used 18901K, committed 19840K, reserved 851968K
}

Dll operation events (15 events):
Event: 0.009 Loaded shared library C:\Users\paart\AppData\Local\Programs\Eclipse Adoptium\jdk-17.0.15.6-hotspot\bin\java.dll
Event: 0.019 Loaded shared library C:\Users\paart\AppData\Local\Programs\Eclipse Adoptium\jdk-17.0.15.6-hotspot\bin\jsvml.dll
Event: 0.045 Loaded shared library C:\Users\paart\AppData\Local\Programs\Eclipse Adoptium\jdk-17.0.15.6-hotspot\bin\zip.dll
Event: 0.047 Loaded shared library C:\Users\paart\AppData\Local\Programs\Eclipse Adoptium\jdk-17.0.15.6-hotspot\bin\instrument.dll
Event: 0.049 Loaded shared library C:\Users\paart\AppData\Local\Programs\Eclipse Adoptium\jdk-17.0.15.6-hotspot\bin\net.dll
Event: 0.050 Loaded shared library C:\Users\paart\AppData\Local\Programs\Eclipse Adoptium\jdk-17.0.15.6-hotspot\bin\nio.dll
Event: 0.051 Loaded shared library C:\Users\paart\AppData\Local\Programs\Eclipse Adoptium\jdk-17.0.15.6-hotspot\bin\zip.dll
Event: 0.200 Loaded shared library C:\Users\paart\AppData\Local\Programs\Eclipse Adoptium\jdk-17.0.15.6-hotspot\bin\jimage.dll
Event: 0.279 Loaded shared library C:\Users\paart\AppData\Local\Programs\Eclipse Adoptium\jdk-17.0.15.6-hotspot\bin\verify.dll
Event: 0.342 Loaded shared library C:\Users\paart\.gradle\native\1def1411415f61bf3af743bc5b6707747c0891f09f0c88961ee8f79bc544acac\windows-amd64\native-platform.dll
Event: 0.395 Loaded shared library C:\Users\paart\.gradle\native\0.2.7\x86_64-windows-gnu\gradle-fileevents.dll
Event: 19.591 Loaded shared library C:\Users\paart\AppData\Local\Programs\Eclipse Adoptium\jdk-17.0.15.6-hotspot\bin\management.dll
Event: 19.592 Loaded shared library C:\Users\paart\AppData\Local\Programs\Eclipse Adoptium\jdk-17.0.15.6-hotspot\bin\management_ext.dll
Event: 19.766 Loaded shared library C:\Users\paart\AppData\Local\Programs\Eclipse Adoptium\jdk-17.0.15.6-hotspot\bin\extnet.dll
Event: 19.966 Loaded shared library C:\Users\paart\AppData\Local\Programs\Eclipse Adoptium\jdk-17.0.15.6-hotspot\bin\sunmscapi.dll

Deoptimization events (20 events):
Event: 1891.934 Thread 0x000001fbbee30d90 Uncommon trap: trap_request=0xffffffbe fr.pc=0x000001fbf020c82c relative=0x0000000000000c6c
Event: 1891.934 Thread 0x000001fbbee30d90 Uncommon trap: reason=profile_predicate action=maybe_recompile pc=0x000001fbf020c82c method=java.lang.StringLatin1.replace([BI[BI[BI)Ljava/lang/String; @ 180 c2
Event: 1891.934 Thread 0x000001fbbee30d90 DEOPT PACKING pc=0x000001fbf020c82c sp=0x0000007a9f2f7fa0
Event: 1891.934 Thread 0x000001fbbee30d90 DEOPT UNPACKING pc=0x000001fbeedc69a3 sp=0x0000007a9f2f7ef0 mode 2
Event: 1891.934 Thread 0x000001fbbee30d90 Uncommon trap: trap_request=0xffffffbe fr.pc=0x000001fbf020c82c relative=0x0000000000000c6c
Event: 1891.934 Thread 0x000001fbbee30d90 Uncommon trap: reason=profile_predicate action=maybe_recompile pc=0x000001fbf020c82c method=java.lang.StringLatin1.replace([BI[BI[BI)Ljava/lang/String; @ 180 c2
Event: 1891.934 Thread 0x000001fbbee30d90 DEOPT PACKING pc=0x000001fbf020c82c sp=0x0000007a9f2f7fa0
Event: 1891.934 Thread 0x000001fbbee30d90 DEOPT UNPACKING pc=0x000001fbeedc69a3 sp=0x0000007a9f2f7ef0 mode 2
Event: 1891.943 Thread 0x000001fbbee30d90 Uncommon trap: trap_request=0xffffff76 fr.pc=0x000001fbf03bbcd4 relative=0x0000000000006a34
Event: 1891.943 Thread 0x000001fbbee30d90 Uncommon trap: reason=predicate action=maybe_recompile pc=0x000001fbf03bbcd4 method=org.gradle.api.internal.artifacts.ivyservice.resolveengine.graph.selectors.SelectorStateResolverResults.alreadyHaveResolutionForSelector(Lorg/gradle/api/internal/artifacts
Event: 1891.943 Thread 0x000001fbbee30d90 DEOPT PACKING pc=0x000001fbf03bbcd4 sp=0x0000007a9f2f8fc0
Event: 1891.944 Thread 0x000001fbbee30d90 DEOPT UNPACKING pc=0x000001fbeedc69a3 sp=0x0000007a9f2f8c68 mode 2
Event: 1891.944 Thread 0x000001fbbee30d90 Uncommon trap: trap_request=0xffffff45 fr.pc=0x000001fbf02ea2cc relative=0x000000000000038c
Event: 1891.944 Thread 0x000001fbbee30d90 Uncommon trap: reason=unstable_if action=reinterpret pc=0x000001fbf02ea2cc method=org.gradle.api.internal.artifacts.ivyservice.resolveengine.graph.selectors.SelectorStateResolverResults.selectorAcceptsCandidate(Lorg/gradle/api/internal/artifacts/ivyservic
Event: 1891.944 Thread 0x000001fbbee30d90 DEOPT PACKING pc=0x000001fbf02ea2cc sp=0x0000007a9f2f8c40
Event: 1891.944 Thread 0x000001fbbee30d90 DEOPT UNPACKING pc=0x000001fbeedc69a3 sp=0x0000007a9f2f8bd8 mode 2
Event: 1893.641 Thread 0x000001fbc056de60 Uncommon trap: trap_request=0xffffff76 fr.pc=0x000001fbefe4e804 relative=0x0000000000000444
Event: 1893.641 Thread 0x000001fbc056de60 Uncommon trap: reason=predicate action=maybe_recompile pc=0x000001fbefe4e804 method=com.google.common.collect.ImmutableList.copyIntoArray([Ljava/lang/Object;I)I @ 11 c2
Event: 1893.641 Thread 0x000001fbc056de60 DEOPT PACKING pc=0x000001fbefe4e804 sp=0x0000007aa64fb8b0
Event: 1893.641 Thread 0x000001fbc056de60 DEOPT UNPACKING pc=0x000001fbeedc69a3 sp=0x0000007aa64fb870 mode 2

Classes loaded (20 events):
Event: 129.740 Loading class sun/nio/fs/WindowsFileCopy
Event: 129.740 Loading class sun/nio/fs/WindowsFileCopy done
Event: 129.743 Loading class sun/nio/fs/WindowsSecurity$Privilege
Event: 129.743 Loading class sun/nio/fs/WindowsSecurity$Privilege done
Event: 129.860 Loading class java/util/Collections$EmptyListIterator
Event: 129.860 Loading class java/util/Collections$EmptyListIterator done
Event: 129.912 Loading class java/util/Locale$1
Event: 129.912 Loading class java/util/Locale$1 done
Event: 129.918 Loading class java/net/UrlDeserializedState
Event: 129.918 Loading class java/net/UrlDeserializedState done
Event: 129.924 Loading class java/util/concurrent/CompletableFuture$AsyncRun
Event: 129.924 Loading class java/util/concurrent/CompletableFuture$AsyncRun done
Event: 1880.414 Loading class jdk/internal/math/FormattedFloatingDecimal$Form
Event: 1880.433 Loading class jdk/internal/math/FormattedFloatingDecimal$Form done
Event: 1880.433 Loading class jdk/internal/math/FormattedFloatingDecimal
Event: 1880.441 Loading class jdk/internal/math/FormattedFloatingDecimal done
Event: 1880.442 Loading class jdk/internal/math/FormattedFloatingDecimal$1
Event: 1880.443 Loading class jdk/internal/math/FormattedFloatingDecimal$1 done
Event: 1880.451 Loading class jdk/internal/math/FormattedFloatingDecimal$2
Event: 1880.451 Loading class jdk/internal/math/FormattedFloatingDecimal$2 done

Classes unloaded (2 events):
Event: 41.606 Thread 0x000001fbfee2f8c0 Unloading class 0x000001fb85ba4c00 'java/lang/invoke/LambdaForm$MH+0x000001fb85ba4c00'
Event: 41.606 Thread 0x000001fbfee2f8c0 Unloading class 0x000001fb85ba4400 'java/lang/invoke/LambdaForm$DMH+0x000001fb85ba4400'

Classes redefined (0 events):
No events

Internal exceptions (20 events):
Event: 1890.845 Thread 0x000001fbbee30d90 Exception <a 'sun/nio/fs/WindowsException'{0x0000000717e7cac0}> (0x0000000717e7cac0) 
thrown [s\src\hotspot\share\prims\jni.cpp, line 516]
Event: 1890.846 Thread 0x000001fbbee30d90 Exception <a 'sun/nio/fs/WindowsException'{0x0000000717e7e138}> (0x0000000717e7e138) 
thrown [s\src\hotspot\share\prims\jni.cpp, line 516]
Event: 1890.848 Thread 0x000001fbbee30d90 Exception <a 'sun/nio/fs/WindowsException'{0x0000000717e7f790}> (0x0000000717e7f790) 
thrown [s\src\hotspot\share\prims\jni.cpp, line 516]
Event: 1890.856 Thread 0x000001fbbee30d90 Exception <a 'sun/nio/fs/WindowsException'{0x0000000717ea85f0}> (0x0000000717ea85f0) 
thrown [s\src\hotspot\share\prims\jni.cpp, line 516]
Event: 1890.856 Thread 0x000001fbbee30d90 Exception <a 'sun/nio/fs/WindowsException'{0x0000000717ea9b58}> (0x0000000717ea9b58) 
thrown [s\src\hotspot\share\prims\jni.cpp, line 516]
Event: 1890.857 Thread 0x000001fbbee30d90 Exception <a 'sun/nio/fs/WindowsException'{0x0000000717eabce0}> (0x0000000717eabce0) 
thrown [s\src\hotspot\share\prims\jni.cpp, line 516]
Event: 1891.943 Thread 0x000001fbbee30d90 Implicit null exception at 0x000001fbf03b78a1 to 0x000001fbf03bbc5c
Event: 1891.944 Thread 0x000001fbbee30d90 Implicit null exception at 0x000001fbf02e9f7f to 0x000001fbf02ea2b0
Event: 1893.688 Thread 0x000001fbc056de60 Exception <a 'sun/nio/fs/WindowsException'{0x000000071f365500}> (0x000000071f365500) 
thrown [s\src\hotspot\share\prims\jni.cpp, line 516]
Event: 1893.690 Thread 0x000001fbc056de60 Exception <a 'sun/nio/fs/WindowsException'{0x000000071f367de0}> (0x000000071f367de0) 
thrown [s\src\hotspot\share\prims\jni.cpp, line 516]
Event: 1893.690 Thread 0x000001fbc056de60 Exception <a 'sun/nio/fs/WindowsException'{0x000000071f36a640}> (0x000000071f36a640) 
thrown [s\src\hotspot\share\prims\jni.cpp, line 516]
Event: 1893.691 Thread 0x000001fbc056de60 Exception <a 'sun/nio/fs/WindowsException'{0x000000071f36ca08}> (0x000000071f36ca08) 
thrown [s\src\hotspot\share\prims\jni.cpp, line 516]
Event: 1893.741 Thread 0x000001fbbf51a3b0 Exception <a 'sun/nio/fs/WindowsException'{0x000000071f0c6758}> (0x000000071f0c6758) 
thrown [s\src\hotspot\share\prims\jni.cpp, line 516]
Event: 1893.744 Thread 0x000001fbbf51a3b0 Exception <a 'sun/nio/fs/WindowsException'{0x000000071f0c8dd0}> (0x000000071f0c8dd0) 
thrown [s\src\hotspot\share\prims\jni.cpp, line 516]
Event: 1893.744 Thread 0x000001fbbf51a3b0 Exception <a 'sun/nio/fs/WindowsException'{0x000000071f0dfb48}> (0x000000071f0dfb48) 
thrown [s\src\hotspot\share\prims\jni.cpp, line 516]
Event: 1893.744 Thread 0x000001fbbf51a3b0 Exception <a 'sun/nio/fs/WindowsException'{0x000000071f0e1cf8}> (0x000000071f0e1cf8) 
thrown [s\src\hotspot\share\prims\jni.cpp, line 516]
Event: 1893.857 Thread 0x000001fbbf51a3b0 Exception <a 'sun/nio/fs/WindowsException'{0x000000071eeb3a70}> (0x000000071eeb3a70) 
thrown [s\src\hotspot\share\prims\jni.cpp, line 516]
Event: 1893.857 Thread 0x000001fbbf51a3b0 Exception <a 'sun/nio/fs/WindowsException'{0x000000071eeb5e20}> (0x000000071eeb5e20) 
thrown [s\src\hotspot\share\prims\jni.cpp, line 516]
Event: 1893.857 Thread 0x000001fbbf51a3b0 Exception <a 'sun/nio/fs/WindowsException'{0x000000071eeb8150}> (0x000000071eeb8150) 
thrown [s\src\hotspot\share\prims\jni.cpp, line 516]
Event: 1893.857 Thread 0x000001fbbf51a3b0 Exception <a 'sun/nio/fs/WindowsException'{0x000000071eeba088}> (0x000000071eeba088) 
thrown [s\src\hotspot\share\prims\jni.cpp, line 516]

VM Operations (20 events):
Event: 1885.365 Executing VM operation: Cleanup done
Event: 1886.414 Executing VM operation: ICBufferFull
Event: 1886.414 Executing VM operation: ICBufferFull done
Event: 1886.597 Executing VM operation: HandshakeAllThreads
Event: 1886.610 Executing VM operation: HandshakeAllThreads done
Event: 1886.765 Executing VM operation: ICBufferFull
Event: 1886.765 Executing VM operation: ICBufferFull done
Event: 1886.805 Executing VM operation: HandshakeAllThreads
Event: 1886.809 Executing VM operation: HandshakeAllThreads done
Event: 1887.816 Executing VM operation: Cleanup
Event: 1887.816 Executing VM operation: Cleanup done
Event: 1891.395 Executing VM operation: G1CollectForAllocation
Event: 1891.436 Executing VM operation: G1CollectForAllocation done
Event: 1891.824 Executing VM operation: G1PauseRemark
Event: 1891.846 Executing VM operation: G1PauseRemark done
Event: 1891.932 Executing VM operation: G1PauseCleanup
Event: 1891.933 Executing VM operation: G1PauseCleanup done
Event: 1892.934 Executing VM operation: Cleanup
Event: 1892.934 Executing VM operation: Cleanup done
Event: 1893.942 Executing VM operation: Cleanup

Memory protections (0 events):
No events

Nmethod flushes (20 events):
Event: 1886.854 Thread 0x000001fbfee5a170 flushing  nmethod 0x000001fbe9c93b10
Event: 1886.854 Thread 0x000001fbfee5a170 flushing  nmethod 0x000001fbe9c96110
Event: 1886.854 Thread 0x000001fbfee5a170 flushing  nmethod 0x000001fbe9c98310
Event: 1886.854 Thread 0x000001fbfee5a170 flushing  nmethod 0x000001fbe9c98890
Event: 1886.854 Thread 0x000001fbfee5a170 flushing  nmethod 0x000001fbe9ca2890
Event: 1886.854 Thread 0x000001fbfee5a170 flushing  nmethod 0x000001fbe9ca2e10
Event: 1886.854 Thread 0x000001fbfee5a170 flushing  nmethod 0x000001fbe9ca3890
Event: 1886.854 Thread 0x000001fbfee5a170 flushing  nmethod 0x000001fbe9ca4c10
Event: 1886.854 Thread 0x000001fbfee5a170 flushing  nmethod 0x000001fbe9ca5110
Event: 1886.854 Thread 0x000001fbfee5a170 flushing  nmethod 0x000001fbe9ca5490
Event: 1886.854 Thread 0x000001fbfee5a170 flushing  nmethod 0x000001fbe9ca5c90
Event: 1886.854 Thread 0x000001fbfee5a170 flushing  nmethod 0x000001fbe9ca6210
Event: 1886.854 Thread 0x000001fbfee5a170 flushing  nmethod 0x000001fbe9ca9110
Event: 1886.854 Thread 0x000001fbfee5a170 flushing  nmethod 0x000001fbe9ca9810
Event: 1886.854 Thread 0x000001fbfee5a170 flushing  nmethod 0x000001fbe9caa490
Event: 1886.854 Thread 0x000001fbfee5a170 flushing  nmethod 0x000001fbe9caab90
Event: 1886.854 Thread 0x000001fbfee5a170 flushing  nmethod 0x000001fbe9cab510
Event: 1886.854 Thread 0x000001fbfee5a170 flushing  nmethod 0x000001fbe9cb0710
Event: 1886.854 Thread 0x000001fbfee5a170 flushing  nmethod 0x000001fbe9cb4490
Event: 1886.854 Thread 0x000001fbfee5a170 flushing  nmethod 0x000001fbe9cc8c90

Events (20 events):
Event: 1891.243 Thread 0x000001fbbee30d90 Thread added: 0x000001fbcc45b450
Event: 1891.257 Thread 0x000001fbbee30d90 Thread added: 0x000001fbcc45a010
Event: 1891.258 Thread 0x000001fbbee30d90 Thread added: 0x000001fbcc4595f0
Event: 1891.261 Thread 0x000001fbbee30d90 Thread added: 0x000001fbcc45b960
Event: 1891.263 Thread 0x000001fbbee30d90 Thread added: 0x000001fbcc45be70
Event: 1891.265 Thread 0x000001fbbee30d90 Thread added: 0x000001fbcc459b00
Event: 1891.266 Thread 0x000001fbbee30d90 Thread added: 0x000001fbcc45dcd0
Event: 1891.266 Thread 0x000001fbbee30d90 Thread added: 0x000001fbcc45ec00
Event: 1891.267 Thread 0x000001fbbee30d90 Thread added: 0x000001fbcc45d7c0
Event: 1891.267 Thread 0x000001fbbee30d90 Thread added: 0x000001fbcc45c890
Event: 1891.267 Thread 0x000001fbbee30d90 Thread added: 0x000001fbcc45e1e0
Event: 1891.267 Thread 0x000001fbbee30d90 Thread added: 0x000001fbcc45f110
Event: 1891.274 Thread 0x000001fbbee30d90 Thread added: 0x000001fbcc45fb30
Event: 1891.514 Thread 0x000001fbceb93660 Thread exited: 0x000001fbceb93660
Event: 1891.859 Thread 0x000001fbceb90be0 Thread exited: 0x000001fbceb90be0
Event: 1892.612 Thread 0x000001fbceb90140 Thread exited: 0x000001fbceb90140
Event: 1893.434 Thread 0x000001fbfee54320 Thread added: 0x000001fbceb90be0
Event: 1893.536 Thread 0x000001fbfee54320 Thread added: 0x000001fbceb92bc0
Event: 1893.617 Thread 0x000001fbc056cf30 Thread added: 0x000001fbcc45e6f0
Event: 1893.618 Thread 0x000001fbbee30d90 Thread added: 0x000001fbcc45cda0


Dynamic libraries:
0x00007ff715a10000 - 0x00007ff715a1e000 	C:\Users\paart\AppData\Local\Programs\Eclipse Adoptium\jdk-17.0.15.6-hotspot\bin\java.exe
0x00007ffcb6fc0000 - 0x00007ffcb7228000 	C:\WINDOWS\SYSTEM32\ntdll.dll
0x00007ffcb59a0000 - 0x00007ffcb5a69000 	C:\WINDOWS\System32\KERNEL32.DLL
0x00007ffcb44a0000 - 0x00007ffcb4892000 	C:\WINDOWS\System32\KERNELBASE.dll
0x00007ffcb48a0000 - 0x00007ffcb49eb000 	C:\WINDOWS\System32\ucrtbase.dll
0x00007ffc86fc0000 - 0x00007ffc86fd7000 	C:\Users\paart\AppData\Local\Programs\Eclipse Adoptium\jdk-17.0.15.6-hotspot\bin\jli.dll
0x00007ffc8ed70000 - 0x00007ffc8ed8e000 	C:\Users\paart\AppData\Local\Programs\Eclipse Adoptium\jdk-17.0.15.6-hotspot\bin\VCRUNTIME140.dll
0x00007ffcb5ea0000 - 0x00007ffcb6065000 	C:\WINDOWS\System32\USER32.dll
0x00007ffcb4280000 - 0x00007ffcb42a7000 	C:\WINDOWS\System32\win32u.dll
0x00007ffc90b30000 - 0x00007ffc90dc3000 	C:\WINDOWS\WinSxS\amd64_microsoft.windows.common-controls_6595b64144ccf1df_6.0.26100.6725_none_3e085828e334708b\COMCTL32.dll
0x00007ffcb5390000 - 0x00007ffcb53bb000 	C:\WINDOWS\System32\GDI32.dll
0x00007ffcb6b00000 - 0x00007ffcb6ba9000 	C:\WINDOWS\System32\msvcrt.dll
0x00007ffcb4150000 - 0x00007ffcb427d000 	C:\WINDOWS\System32\gdi32full.dll
0x00007ffcb49f0000 - 0x00007ffcb4a93000 	C:\WINDOWS\System32\msvcp_win.dll
0x00007ffcb5350000 - 0x00007ffcb537f000 	C:\WINDOWS\System32\IMM32.DLL
0x00007ffcb0b50000 - 0x00007ffcb0b5c000 	C:\Users\paart\AppData\Local\Programs\Eclipse Adoptium\jdk-17.0.15.6-hotspot\bin\vcruntime140_1.dll
0x00007ffc858b0000 - 0x00007ffc8593d000 	C:\Users\paart\AppData\Local\Programs\Eclipse Adoptium\jdk-17.0.15.6-hotspot\bin\msvcp140.dll
0x00007ffbfc2b0000 - 0x00007ffbfcf1b000 	C:\Users\paart\AppData\Local\Programs\Eclipse Adoptium\jdk-17.0.15.6-hotspot\bin\server\jvm.dll
0x00007ffcb58e0000 - 0x00007ffcb5994000 	C:\WINDOWS\System32\ADVAPI32.dll
0x00007ffcb6a50000 - 0x00007ffcb6af6000 	C:\WINDOWS\System32\sechost.dll
0x00007ffcb6070000 - 0x00007ffcb6188000 	C:\WINDOWS\System32\RPCRT4.dll
0x00007ffcb5860000 - 0x00007ffcb58d4000 	C:\WINDOWS\System32\WS2_32.dll
0x00007ffcb3650000 - 0x00007ffcb36ae000 	C:\WINDOWS\SYSTEM32\POWRPROF.dll
0x00007ffca5e30000 - 0x00007ffca5e65000 	C:\WINDOWS\SYSTEM32\WINMM.dll
0x00007ffca8b70000 - 0x00007ffca8b7b000 	C:\WINDOWS\SYSTEM32\VERSION.dll
0x00007ffcb35c0000 - 0x00007ffcb35d4000 	C:\WINDOWS\SYSTEM32\UMPDC.dll
0x00007ffcb2f20000 - 0x00007ffcb2f3b000 	C:\WINDOWS\SYSTEM32\kernel.appcore.dll
0x00007ffc9cbb0000 - 0x00007ffc9cbba000 	C:\Users\paart\AppData\Local\Programs\Eclipse Adoptium\jdk-17.0.15.6-hotspot\bin\jimage.dll
0x00007ffcb17e0000 - 0x00007ffcb1a22000 	C:\WINDOWS\SYSTEM32\DBGHELP.DLL
0x00007ffcb6bb0000 - 0x00007ffcb6f2b000 	C:\WINDOWS\System32\combase.dll
0x00007ffcb5d00000 - 0x00007ffcb5dd7000 	C:\WINDOWS\System32\OLEAUT32.dll
0x00007ffc81950000 - 0x00007ffc8198c000 	C:\WINDOWS\SYSTEM32\dbgcore.DLL
0x00007ffcb4400000 - 0x00007ffcb4498000 	C:\WINDOWS\System32\bcryptPrimitives.dll
0x00007ffc8e480000 - 0x00007ffc8e48e000 	C:\Users\paart\AppData\Local\Programs\Eclipse Adoptium\jdk-17.0.15.6-hotspot\bin\instrument.dll
0x00007ffc85880000 - 0x00007ffc858a5000 	C:\Users\paart\AppData\Local\Programs\Eclipse Adoptium\jdk-17.0.15.6-hotspot\bin\java.dll
0x00007ffc857a0000 - 0x00007ffc85877000 	C:\Users\paart\AppData\Local\Programs\Eclipse Adoptium\jdk-17.0.15.6-hotspot\bin\jsvml.dll
0x00007ffcb62f0000 - 0x00007ffcb6a3c000 	C:\WINDOWS\System32\SHELL32.dll
0x00007ffcb4aa0000 - 0x00007ffcb4c0b000 	C:\WINDOWS\System32\wintypes.dll
0x00007ffcb1da0000 - 0x00007ffcb25fd000 	C:\WINDOWS\SYSTEM32\windows.storage.dll
0x00007ffcb61f0000 - 0x00007ffcb62e2000 	C:\WINDOWS\System32\SHCORE.dll
0x00007ffcb4f20000 - 0x00007ffcb4f82000 	C:\WINDOWS\System32\shlwapi.dll
0x00007ffcb4070000 - 0x00007ffcb4099000 	C:\WINDOWS\SYSTEM32\profapi.dll
0x00007ffc848e0000 - 0x00007ffc848f8000 	C:\Users\paart\AppData\Local\Programs\Eclipse Adoptium\jdk-17.0.15.6-hotspot\bin\zip.dll
0x00007ffc85780000 - 0x00007ffc85799000 	C:\Users\paart\AppData\Local\Programs\Eclipse Adoptium\jdk-17.0.15.6-hotspot\bin\net.dll
0x00007ffcaa7e0000 - 0x00007ffcaa8ff000 	C:\WINDOWS\SYSTEM32\WINHTTP.dll
0x00007ffcb3520000 - 0x00007ffcb358b000 	C:\WINDOWS\system32\mswsock.dll
0x00007ffc84a70000 - 0x00007ffc84a86000 	C:\Users\paart\AppData\Local\Programs\Eclipse Adoptium\jdk-17.0.15.6-hotspot\bin\nio.dll
0x00007ffc8ed60000 - 0x00007ffc8ed70000 	C:\Users\paart\AppData\Local\Programs\Eclipse Adoptium\jdk-17.0.15.6-hotspot\bin\verify.dll
0x00007ffc8e150000 - 0x00007ffc8e177000 	C:\Users\paart\.gradle\native\1def1411415f61bf3af743bc5b6707747c0891f09f0c88961ee8f79bc544acac\windows-amd64\native-platform.dll
0x00007ffc53600000 - 0x00007ffc53678000 	C:\Users\paart\.gradle\native\0.2.7\x86_64-windows-gnu\gradle-fileevents.dll
0x00007ffc8ec30000 - 0x00007ffc8ec3a000 	C:\Users\paart\AppData\Local\Programs\Eclipse Adoptium\jdk-17.0.15.6-hotspot\bin\management.dll
0x00007ffc8eaf0000 - 0x00007ffc8eafb000 	C:\Users\paart\AppData\Local\Programs\Eclipse Adoptium\jdk-17.0.15.6-hotspot\bin\management_ext.dll
0x00007ffcb53c0000 - 0x00007ffcb53c8000 	C:\WINDOWS\System32\PSAPI.DLL
0x00007ffcb2a70000 - 0x00007ffcb2aa4000 	C:\WINDOWS\SYSTEM32\IPHLPAPI.DLL
0x00007ffcb4f10000 - 0x00007ffcb4f1a000 	C:\WINDOWS\System32\NSI.dll
0x00007ffcaa7b0000 - 0x00007ffcaa7ce000 	C:\WINDOWS\SYSTEM32\dhcpcsvc6.DLL
0x00007ffcaa780000 - 0x00007ffcaa7a3000 	C:\WINDOWS\SYSTEM32\dhcpcsvc.DLL
0x00007ffcb2ab0000 - 0x00007ffcb2bd6000 	C:\WINDOWS\SYSTEM32\DNSAPI.dll
0x00007ffc8e5b0000 - 0x00007ffc8e5b9000 	C:\Users\paart\AppData\Local\Programs\Eclipse Adoptium\jdk-17.0.15.6-hotspot\bin\extnet.dll
0x00007ffcb3870000 - 0x00007ffcb388b000 	C:\WINDOWS\SYSTEM32\CRYPTSP.dll
0x00007ffcb2e80000 - 0x00007ffcb2ebb000 	C:\WINDOWS\system32\rsaenh.dll
0x00007ffcb35e0000 - 0x00007ffcb360b000 	C:\WINDOWS\SYSTEM32\USERENV.dll
0x00007ffcb4040000 - 0x00007ffcb4066000 	C:\WINDOWS\SYSTEM32\bcrypt.dll
0x00007ffcb3860000 - 0x00007ffcb386c000 	C:\WINDOWS\SYSTEM32\CRYPTBASE.dll
0x00007ffc8e330000 - 0x00007ffc8e33e000 	C:\Users\paart\AppData\Local\Programs\Eclipse Adoptium\jdk-17.0.15.6-hotspot\bin\sunmscapi.dll
0x00007ffcb4c10000 - 0x00007ffcb4d87000 	C:\WINDOWS\System32\CRYPT32.dll
0x00007ffcb3a80000 - 0x00007ffcb3ab0000 	C:\WINDOWS\SYSTEM32\ncrypt.dll
0x00007ffcb3a30000 - 0x00007ffcb3a6f000 	C:\WINDOWS\SYSTEM32\NTASN1.dll
0x00007ffc89770000 - 0x00007ffc89778000 	C:\WINDOWS\system32\wshunix.dll
0x00007ffca9b20000 - 0x00007ffca9b2b000 	C:\Windows\System32\rasadhlp.dll
0x00007ffcaaa40000 - 0x00007ffcaaac6000 	C:\WINDOWS\System32\fwpuclnt.dll
0x00007ffc1aca0000 - 0x00007ffc1acb8000 	C:\WINDOWS\system32\napinsp.dll
0x00007ffc1acc0000 - 0x00007ffc1acd2000 	C:\WINDOWS\System32\winrnr.dll
0x00007ffc1ac70000 - 0x00007ffc1ac98000 	C:\WINDOWS\system32\nlansp_c.dll
0x00007ffca9b80000 - 0x00007ffca9b96000 	C:\WINDOWS\system32\wshbth.dll
0x00007ffcb30b0000 - 0x00007ffcb30e6000 	C:\WINDOWS\SYSTEM32\ntmarta.dll

dbghelp: loaded successfully - version: 4.0.5 - missing functions: none
symbol engine: initialized successfully - sym options: 0x614 - pdb path: .;C:\Users\paart\AppData\Local\Programs\Eclipse Adoptium\jdk-17.0.15.6-hotspot\bin;C:\WINDOWS\SYSTEM32;C:\WINDOWS\WinSxS\amd64_microsoft.windows.common-controls_6595b64144ccf1df_6.0.26100.6725_none_3e085828e334708b;C:\Users\paart\AppData\Local\Programs\Eclipse Adoptium\jdk-17.0.15.6-hotspot\bin\server;C:\Users\paart\.gradle\native\1def1411415f61bf3af743bc5b6707747c0891f09f0c88961ee8f79bc544acac\windows-amd64;C:\Users\paart\.gradle\native\0.2.7\x86_64-windows-gnu

VM Arguments:
jvm_args: --add-opens=java.base/java.lang=ALL-UNNAMED --add-opens=java.base/java.lang.invoke=ALL-UNNAMED --add-opens=java.base/java.util=ALL-UNNAMED --add-opens=java.prefs/java.util.prefs=ALL-UNNAMED --add-exports=jdk.compiler/com.sun.tools.javac.api=ALL-UNNAMED --add-exports=jdk.compiler/com.sun.tools.javac.util=ALL-UNNAMED --add-opens=java.base/java.util=ALL-UNNAMED --add-opens=java.prefs/java.util.prefs=ALL-UNNAMED --add-opens=java.base/java.nio.charset=ALL-UNNAMED --add-opens=java.base/java.net=ALL-UNNAMED --add-opens=java.base/java.util.concurrent.atomic=ALL-UNNAMED --add-opens=java.xml/javax.xml.namespace=ALL-UNNAMED -XX:MaxMetaspaceSize=1g -Xmx4g -Dfile.encoding=windows-1252 -Duser.country=US -Duser.language=en -Duser.variant -javaagent:C:\Users\paart\.gradle\wrapper\dists\gradle-8.13-bin\5xuhj0ry160q40clulazy9h7d\gradle-8.13\lib\agents\gradle-instrumentation-agent-8.13.jar 
java_command: org.gradle.launcher.daemon.bootstrap.GradleDaemon 8.13
java_class_path (initial): C:\Users\paart\.gradle\wrapper\dists\gradle-8.13-bin\5xuhj0ry160q40clulazy9h7d\gradle-8.13\lib\gradle-daemon-main-8.13.jar
Launcher Type: SUN_STANDARD

[Global flags]
     intx CICompilerCount                          = 12                                        {product} {ergonomic}
   size_t CompressedClassSpaceSize                 = 872415232                                 {product} {ergonomic}
     uint ConcGCThreads                            = 3                                         {product} {ergonomic}
     uint G1ConcRefinementThreads                  = 13                                        {product} {ergonomic}
   size_t G1HeapRegionSize                         = 2097152                                   {product} {ergonomic}
    uintx GCDrainStackTargetSize                   = 64                                        {product} {ergonomic}
   size_t InitialHeapSize                          = 264241152                                 {product} {ergonomic}
   size_t MarkStackSize                            = 4194304                                   {product} {ergonomic}
   size_t MaxHeapSize                              = 4294967296                                {product} {command line}
   size_t MaxMetaspaceSize                         = 1073741824                                {product} {command line}
   size_t MaxNewSize                               = 2575302656                                {product} {ergonomic}
   size_t MinHeapDeltaBytes                        = 2097152                                   {product} {ergonomic}
   size_t MinHeapSize                              = 8388608                                   {product} {ergonomic}
    uintx NonNMethodCodeHeapSize                   = 7602480                                {pd product} {ergonomic}
    uintx NonProfiledCodeHeapSize                  = 122027880                              {pd product} {ergonomic}
    uintx ProfiledCodeHeapSize                     = 122027880                              {pd product} {ergonomic}
    uintx ReservedCodeCacheSize                    = 251658240                              {pd product} {ergonomic}
     bool SegmentedCodeCache                       = true                                      {product} {ergonomic}
   size_t SoftMaxHeapSize                          = 4294967296                             {manageable} {ergonomic}
     bool UseCompressedClassPointers               = true                           {product lp64_product} {ergonomic}
     bool UseCompressedOops                        = true                           {product lp64_product} {ergonomic}
     bool UseG1GC                                  = true                                      {product} {ergonomic}
     bool UseLargePagesIndividualAllocation        = false                                  {pd product} {ergonomic}

Logging:
Log output configuration:
 #0: stdout all=warning uptime,level,tags
 #1: stderr all=off uptime,level,tags

Environment Variables:
JAVA_HOME=C:\Users\paart\AppData\Local\Programs\Eclipse Adoptium\jdk-17.0.15.6-hotspot\
CLASSPATH=D:\LeadFlow_MobileApp\android\\gradle\wrapper\gradle-wrapper.jar
PATH=C:\WINDOWS\system32 C:\WINDOWS C:\WINDOWS\System32\Wbem C:\WINDOWS\System32\WindowsPowerShell\v1.0\ C:\WINDOWS\System32\OpenSSH\ C:\Program Files\nodejs\ E:\Windows Kits\10\Windows Performance Toolkit\ c:\Users\paart\AppData\Local\Programs\cursor\resources\app\bin C:\Users\HP\AppData\Local\Microsoft\WindowsApps C:\Program Files\heroku\bin C:\Program Files\Graphviz\bin;C:\ProgramData\chocolatey\bin;C:\HashiCorp\Vagrant\bin;C:\Program Files\nodejs\;C:\Users\paart\AppData\Local\pnpm;C:\Users\paart\AppData\Local\Programs\Eclipse Adoptium\jdk-17.0.15.6-hotspot\bin;C:\Users\paart\.local\bin;C:\Users\paart\AppData\Local\Programs\Python\Python312\Scripts\;C:\Users\paart\AppData\Local\Programs\Python\Python312\;C:\Users\paart\AppData\Local\Microsoft\WindowsApps;C:\Users\paart\AppData\Local\Programs\Git\cmd;C:\Users\paart\AppData\Local\Programs\Microsoft VS Code\bin;C:\Users\paart\AppData\Roaming\npm;C:\msys64\ucrt64\bin;C:\Users\paart\AppData\Local\Programs\Python\Python312;C:\Users\paart\AppData\Local\Programs\Python\Python312\Scripts;D:\android-sdk\platform-tools;C:\Users\paart\AppData\Local\AnthropicClaude;C:\Program Files\heroku\bin;C:\Program Files\RenderDoc;D:\home\donna\.npm-global;C:\Users\paart\AppData\Local\Programs\cursor\resources\app\bin;C:\Program Files\Graphviz\bin;D:\android-sdk\cmdline-tools\19.0\bin;
USERNAME=paart
LANG=en_US.UTF-8
OS=Windows_NT
PROCESSOR_IDENTIFIER=Intel64 Family 6 Model 154 Stepping 3, GenuineIntel
TMP=C:\Users\paart\AppData\Local\Temp
TEMP=C:\Users\paart\AppData\Local\Temp



Periodic native trim disabled


---------------  S Y S T E M  ---------------

OS:
 Windows 11 , 64 bit Build 26100 (10.0.26100.6725)
OS uptime: 2 days 6:37 hours
Hyper-V role detected

CPU: total 16 (initial active 16) (8 cores per cpu, 2 threads per core) family 6 model 154 stepping 3 microcode 0x434, cx8, cmov, fxsr, ht, mmx, 3dnowpref, sse, sse2, sse3, ssse3, sse4.1, sse4.2, popcnt, lzcnt, tsc, tscinvbit, avx, avx2, aes, erms, clmul, bmi1, bmi2, adx, sha, fma, vzeroupper, clflush, clflushopt, clwb, hv
Processor Information for processor 0
  Max Mhz: 2300, Current Mhz: 2300, Mhz Limit: 2300
Processor Information for processor 1
  Max Mhz: 2300, Current Mhz: 2300, Mhz Limit: 2300
Processor Information for processor 2
  Max Mhz: 2300, Current Mhz: 2300, Mhz Limit: 2300
Processor Information for processor 3
  Max Mhz: 2300, Current Mhz: 2300, Mhz Limit: 2300
Processor Information for processor 4
  Max Mhz: 2300, Current Mhz: 2300, Mhz Limit: 2300
Processor Information for processor 5
  Max Mhz: 2300, Current Mhz: 2300, Mhz Limit: 2300
Processor Information for processor 6
  Max Mhz: 2300, Current Mhz: 2300, Mhz Limit: 2300
Processor Information for processor 7
  Max Mhz: 2300, Current Mhz: 1506, Mhz Limit: 2300
Processor Information for processor 8
  Max Mhz: 2300, Current Mhz: 2300, Mhz Limit: 2300
Processor Information for processor 9
  Max Mhz: 2300, Current Mhz: 2300, Mhz Limit: 2300
Processor Information for processor 10
  Max Mhz: 2300, Current Mhz: 2300, Mhz Limit: 2300
Processor Information for processor 11
  Max Mhz: 2300, Current Mhz: 2300, Mhz Limit: 2300
Processor Information for processor 12
  Max Mhz: 2300, Current Mhz: 2300, Mhz Limit: 2300
Processor Information for processor 13
  Max Mhz: 2300, Current Mhz: 2300, Mhz Limit: 2300
Processor Information for processor 14
  Max Mhz: 2300, Current Mhz: 2300, Mhz Limit: 2300
Processor Information for processor 15
  Max Mhz: 2300, Current Mhz: 2300, Mhz Limit: 2300

Memory: 4k page, system-wide physical 16050M (834M free)
TotalPageFile size 34800M (AvailPageFile size 51M)
current process WorkingSet (physical memory assigned to process): 639M, peak: 953M
current process commit charge ("private bytes"): 1010M, peak: 1018M

vm_info: OpenJDK 64-Bit Server VM (17.0.15+6) for windows-amd64 JRE (17.0.15+6), built on Apr 15 2025 21:25:47 by "admin" with MS VC++ 17.7 (VS2022)

END.
